kota_id,kota,tahun,belanja_pendidikan,belanja_kesehatan,belanja_perumahan,belanja_lingkungan,belanja_ekonomi,belanja_infrastruktur,belanja_pariwisata,belanja_perlindungan_sosial,ipm,pertumbuhan_ekonomi,kemiskinan
1,Kota_1,2014,1231.99,719.06,293.61,162.4,446.47,1826.03,200.28,695.65,69.18,4.54,16.29
1,Kota_1,2015,804.24,667.33,459.17,216.49,889.48,881.34,123.04,456.45,68.95,4.89,16.82
1,Kota_1,2016,699.67,659.96,555.45,118.58,886.04,921.68,66.26,864.22,68.76,4.02,16.19
1,Kota_1,2017,622.04,646.62,220.63,463.73,607.02,1561.28,127.93,564.05,71.17,3.6,17.22
1,Kota_1,2018,1469.58,842.59,763.7,457.93,878.32,1898.44,72.12,337.19,69.7,4.5,15.45
1,Kota_1,2019,1328.74,549.73,368.56,317.08,512.74,1742.86,68.64,890.82,68.91,3.94,17.2
1,Kota_1,2020,505.52,870.82,624.11,391.6,1017.02,796.26,139.62,281.11,69.68,4.7,16.78
1,Kota_1,2021,810.98,527.63,637.76,355.02,1109.77,1313.88,79.9,699.27,69.18,4.73,18.41
1,Kota_1,2022,1270.97,645.66,513.64,271.02,420.34,840.26,57.86,645.49,69.73,2.76,16.55
1,Kota_1,2023,910.38,828.89,337.28,130.79,631.8,909.59,282.42,765.68,69.89,4.42,17.13
1,Kota_1,2024,1303.67,430.6,735.54,315.74,1045.95,1864.92,129.5,277.04,69.18,4.04,17.32
2,Kota_2,2014,917.41,455.48,271.92,235.05,1154.33,1120.16,179.7,692.11,65.97,4.61,13.25
2,Kota_2,2015,1462.45,476.25,498.35,220.35,627.87,747.95,202.39,551.88,65.8,4.03,13.23
2,Kota_2,2016,1485.65,469.44,603.28,404.65,590.11,1646.68,141.95,642.61,64.83,4.59,15.38
2,Kota_2,2017,590.29,884.71,392.47,174.61,432.62,1468.16,219.39,211.61,64.17,4.11,12.7
2,Kota_2,2018,1190.94,570.71,762.04,155.01,672.85,847.52,281.17,814.14,66.37,4.37,11.93
2,Kota_2,2019,1317.22,688.64,517.79,196.74,474.48,1866.38,275.1,643.17,64.77,3.65,13.76
2,Kota_2,2020,1387.09,845.91,585.22,133.66,529.3,1868.12,201.61,206.44,66.4,4.5,12.81
2,Kota_2,2021,505.06,412.57,529.24,376.76,921.57,991.55,228.04,366.07,66.65,3.82,14.64
2,Kota_2,2022,1157.61,697.82,256.2,247.09,612.16,1017.19,293.25,475.17,66.34,4.14,14.23
2,Kota_2,2023,1294.81,651.85,546.14,297.01,556.19,1639.19,120.19,217.02,64.91,4.51,13.32
2,Kota_2,2024,515.46,949.82,456.91,486.66,1170.9,1808.91,123.61,469.57,66.42,4.62,14.46
3,Kota_3,2014,1436.15,787.22,542.04,138.87,892.01,1987.07,85.02,562.83,68.09,4.99,14.71
3,Kota_3,2015,859.49,505.51,685.62,424.05,1093.66,1887.21,177.84,551.06,68.38,5.1,14.95
3,Kota_3,2016,1201.97,857.05,734.0,235.2,700.47,822.18,194.57,225.16,69.95,3.04,14.62
3,Kota_3,2017,530.5,326.14,693.56,244.08,501.65,1378.92,242.5,351.07,65.48,3.73,14.27
3,Kota_3,2018,551.68,671.95,524.38,354.97,980.87,1968.61,179.08,426.07,66.58,5.2,13.2
3,Kota_3,2019,525.35,973.85,701.59,378.39,727.16,925.28,89.11,375.17,67.23,4.93,14.44
3,Kota_3,2020,1160.2,495.95,772.92,395.16,843.48,1495.24,154.9,373.41,68.74,4.07,14.29
3,Kota_3,2021,974.17,368.48,494.97,289.39,538.56,1264.01,149.63,631.1,68.1,3.84,13.85
3,Kota_3,2022,874.61,738.1,501.88,442.6,926.95,911.81,67.64,649.69,67.5,4.0,13.85
3,Kota_3,2023,888.17,750.3,474.95,318.25,1153.17,1201.93,290.3,833.75,68.1,4.66,12.98
3,Kota_3,2024,571.19,523.28,706.93,109.31,1051.57,1066.41,79.54,687.72,68.09,4.53,14.61
4,Kota_4,2014,1250.61,864.78,794.3,265.05,697.61,1709.34,135.2,851.53,69.42,4.3,11.55
4,Kota_4,2015,1250.87,828.18,261.87,461.02,804.2,1774.39,130.01,826.87,69.1,4.47,10.56
4,Kota_4,2016,1131.84,613.91,375.93,231.47,938.01,1678.09,247.89,752.73,69.23,4.58,9.66
4,Kota_4,2017,557.56,684.67,464.92,455.08,680.73,852.19,85.75,733.06,67.55,4.09,10.98
4,Kota_4,2018,572.76,875.3,623.75,132.54,467.87,1982.63,143.57,459.45,67.95,4.01,10.71
4,Kota_4,2019,1277.15,690.88,454.53,462.54,488.96,1340.41,52.84,528.06,69.06,3.65,11.19
4,Kota_4,2020,1462.17,562.41,371.43,447.44,578.88,1952.19,53.04,878.92,70.31,4.55,10.38
4,Kota_4,2021,573.8,687.7,781.58,309.24,903.52,1604.47,163.64,639.29,69.25,4.62,12.99
4,Kota_4,2022,777.38,431.68,478.22,241.34,866.92,801.06,293.6,890.35,67.57,4.26,12.44
4,Kota_4,2023,809.53,869.66,610.84,165.05,1128.74,1769.3,287.45,708.0,67.25,5.7,11.86
4,Kota_4,2024,1487.28,405.29,556.48,252.36,1175.93,1794.75,259.58,528.09,68.26,4.04,10.0
5,Kota_5,2014,1312.9,999.8,797.98,322.17,1015.19,1928.2,262.41,373.14,65.55,4.71,16.38
5,Kota_5,2015,728.64,770.19,570.88,243.27,490.85,1573.05,180.08,740.62,66.75,4.77,16.25
5,Kota_5,2016,1051.91,692.66,725.99,261.39,507.21,737.42,238.78,634.22,65.4,4.12,17.22
5,Kota_5,2017,892.24,606.23,742.5,239.3,811.19,1718.75,149.14,635.46,64.49,3.66,16.15
5,Kota_5,2018,959.14,986.02,495.57,231.5,906.72,1012.19,68.97,290.22,66.8,3.76,15.91
5,Kota_5,2019,1396.79,631.77,600.53,168.93,553.83,753.13,92.23,395.01,65.46,3.77,15.19
5,Kota_5,2020,706.33,554.99,502.05,376.16,431.45,1739.23,206.98,257.23,66.03,4.1,17.14
5,Kota_5,2021,684.52,446.54,422.28,293.81,894.6,1179.59,165.63,723.23,66.84,4.59,16.52
5,Kota_5,2022,1011.68,672.48,264.3,278.96,826.09,1015.21,117.31,464.1,65.69,3.63,17.98
5,Kota_5,2023,1289.17,648.91,252.15,314.84,869.47,1669.07,157.91,289.31,67.35,4.09,14.95
5,Kota_5,2024,1145.92,699.54,413.66,494.61,884.62,1008.39,75.45,307.0,65.77,3.97,15.77
6,Kota_6,2014,580.23,667.16,446.24,492.95,489.63,1217.21,292.37,805.85,66.43,3.71,17.19
6,Kota_6,2015,670.89,768.05,757.63,322.71,857.29,1063.97,242.37,330.93,66.61,3.32,15.11
6,Kota_6,2016,614.84,727.43,373.18,332.5,523.49,1325.48,183.15,236.28,67.38,3.65,16.44
6,Kota_6,2017,563.37,992.97,393.41,423.95,603.71,1585.95,240.06,616.95,64.94,3.88,17.15
6,Kota_6,2018,1330.62,975.52,274.58,392.35,1150.67,935.6,66.62,718.78,67.59,4.97,16.53
6,Kota_6,2019,639.77,856.69,320.98,165.46,531.41,1758.95,216.3,566.15,68.27,4.14,17.79
6,Kota_6,2020,939.13,563.86,477.61,220.55,998.09,1353.54,108.05,829.7,67.02,4.89,14.1
6,Kota_6,2021,1406.47,736.97,270.14,475.93,902.17,1135.38,84.82,755.82,68.36,5.42,16.4
6,Kota_6,2022,651.67,518.21,349.09,397.58,426.83,1440.86,240.61,813.74,67.52,4.58,15.9
6,Kota_6,2023,610.63,892.52,276.49,258.91,1037.84,894.89,107.31,705.58,68.27,4.96,16.91
6,Kota_6,2024,751.8,541.99,308.96,463.38,866.71,1221.11,165.5,863.1,69.2,4.44,15.22
7,Kota_7,2014,518.11,910.49,759.27,326.05,957.32,1899.25,226.81,306.78,72.56,5.39,16.11
7,Kota_7,2015,1434.37,947.9,470.5,145.3,1187.87,1790.57,81.17,844.59,70.64,4.87,14.96
7,Kota_7,2016,1091.28,579.3,232.86,234.08,1042.28,706.02,133.37,478.72,71.66,4.22,12.94
7,Kota_7,2017,1237.5,616.55,334.76,280.98,512.69,929.3,174.59,493.25,69.63,3.76,14.87
7,Kota_7,2018,1080.59,742.59,207.86,365.41,542.43,1949.39,87.17,490.24,73.47,4.44,14.24
7,Kota_7,2019,709.91,928.64,323.08,176.28,429.24,1313.69,191.21,246.0,70.76,3.87,16.01
7,Kota_7,2020,1024.39,608.53,440.46,323.86,524.19,936.51,265.45,862.28,69.41,3.5,12.87
7,Kota_7,2021,525.39,409.31,629.58,363.57,421.68,988.56,107.77,670.32,72.24,3.57,14.75
7,Kota_7,2022,1152.75,466.73,259.66,197.27,977.81,1812.41,257.55,478.03,69.74,5.0,14.8
7,Kota_7,2023,513.0,359.86,324.73,110.61,545.15,1457.95,155.36,824.87,70.15,3.9,15.21
7,Kota_7,2024,759.42,565.78,554.18,207.23,899.32,1232.24,188.01,505.29,70.88,4.29,13.77
8,Kota_8,2014,1394.55,859.9,455.13,108.99,614.94,1404.12,208.37,380.52,75.13,4.28,13.03
8,Kota_8,2015,1484.4,667.98,303.01,208.92,414.71,1888.59,79.44,603.56,75.1,3.42,14.06
8,Kota_8,2016,706.42,307.7,282.13,460.01,1099.11,1476.64,200.13,665.53,74.63,3.7,11.94
8,Kota_8,2017,1018.92,332.88,299.77,395.21,466.24,1484.1,111.34,472.51,73.4,3.44,12.29
8,Kota_8,2018,1066.4,633.24,598.2,474.73,986.06,979.42,57.8,383.58,75.52,3.99,13.43
8,Kota_8,2019,996.37,717.79,400.55,408.36,485.28,797.68,232.05,546.84,73.84,4.69,13.93
8,Kota_8,2020,1299.42,786.29,363.29,336.09,688.78,819.06,279.33,295.77,74.09,3.92,13.92
8,Kota_8,2021,685.13,679.33,723.77,392.89,1045.25,1556.42,223.07,794.44,74.23,3.78,13.57
8,Kota_8,2022,680.58,697.56,749.29,113.58,957.94,1086.55,281.1,879.74,74.51,4.29,13.76
8,Kota_8,2023,1362.04,891.18,391.46,431.57,429.61,1475.15,107.5,284.4,74.94,3.84,14.55
8,Kota_8,2024,565.36,520.7,523.69,416.29,655.0,1513.66,271.49,631.1,73.28,4.32,14.35
9,Kota_9,2014,1497.93,545.5,660.31,260.77,783.9,1515.76,268.42,888.86,74.91,5.11,16.9
9,Kota_9,2015,738.78,377.33,412.77,214.9,637.05,1003.69,60.52,212.51,74.39,3.99,16.25
9,Kota_9,2016,884.33,775.75,330.95,479.98,1029.08,816.23,154.4,815.38,75.09,4.57,14.43
9,Kota_9,2017,1491.17,462.17,765.64,359.86,886.19,1366.5,107.67,323.57,75.7,4.08,15.16
9,Kota_9,2018,1279.58,545.09,234.71,487.64,1107.03,1906.08,298.73,321.73,76.67,4.55,14.95
9,Kota_9,2019,1315.83,457.11,334.29,314.79,874.35,1454.11,72.87,814.22,75.7,4.12,15.04
9,Kota_9,2020,1388.75,968.96,717.28,423.81,924.19,1416.11,71.75,485.92,74.09,4.08,15.6
9,Kota_9,2021,581.05,454.13,609.96,130.45,1080.97,1343.69,170.15,614.69,76.66,4.29,16.83
9,Kota_9,2022,1178.02,696.01,360.22,451.45,1037.94,1555.99,262.65,807.11,76.08,4.86,16.54
9,Kota_9,2023,1118.61,826.9,295.16,452.35,1097.47,738.02,256.45,290.21,76.45,4.85,15.03
9,Kota_9,2024,660.76,872.58,699.28,302.99,405.11,1073.15,204.23,886.83,73.71,4.23,16.22
10,Kota_10,2014,1261.03,678.89,777.8,236.75,906.1,1911.64,75.63,856.06,75.86,4.46,10.07
10,Kota_10,2015,800.96,795.72,240.41,332.87,676.71,1507.19,61.44,810.08,72.96,4.48,11.61
10,Kota_10,2016,1183.3,612.13,364.18,498.85,740.95,1286.8,90.91,756.37,73.57,3.73,10.68
10,Kota_10,2017,582.38,776.35,592.71,209.3,1160.69,896.38,158.08,860.53,75.25,3.84,8.55
10,Kota_10,2018,1483.98,586.53,736.46,191.98,570.48,740.47,212.92,457.97,73.08,3.79,11.21
10,Kota_10,2019,1468.19,429.87,721.17,410.64,1016.74,1798.22,240.26,638.35,73.9,5.07,9.88
10,Kota_10,2020,617.31,387.63,611.34,272.12,560.42,1339.07,66.05,607.38,74.7,4.54,9.59
10,Kota_10,2021,810.36,618.65,206.97,128.98,713.99,1323.92,200.01,404.16,74.24,4.45,9.36
10,Kota_10,2022,742.05,990.66,285.5,299.56,894.52,1613.2,189.91,206.84,73.52,4.63,8.45
10,Kota_10,2023,587.87,545.44,219.92,131.43,717.54,872.53,191.89,682.63,72.74,4.3,11.6
10,Kota_10,2024,531.59,955.35,231.18,316.52,967.25,1832.26,228.52,761.21,74.37,5.21,9.63
11,Kota_11,2014,1047.59,872.11,471.39,357.43,821.12,1651.07,70.41,242.25,66.02,4.24,16.35
11,Kota_11,2015,1475.87,535.83,309.27,415.88,926.97,1347.65,188.84,703.44,67.18,4.43,16.34
11,Kota_11,2016,699.54,776.16,243.32,112.26,606.15,1301.41,267.07,709.02,65.98,4.92,15.23
11,Kota_11,2017,1487.65,328.08,720.22,331.47,750.89,1642.83,171.67,811.4,65.21,4.34,17.03
11,Kota_11,2018,776.83,714.65,747.42,184.26,898.37,1521.03,233.28,292.1,66.97,4.61,16.17
11,Kota_11,2019,1471.4,426.68,712.63,296.91,597.78,1831.97,161.33,560.37,66.04,4.97,14.59
11,Kota_11,2020,663.52,573.76,781.65,203.25,925.39,1122.75,243.37,291.61,66.32,4.54,16.83
11,Kota_11,2021,837.0,880.22,458.53,199.49,893.72,1618.81,91.76,317.33,65.29,4.36,18.76
11,Kota_11,2022,1344.17,863.97,551.21,447.31,564.67,845.5,117.44,239.96,67.55,3.9,17.32
11,Kota_11,2023,816.16,655.06,224.94,159.34,1189.3,1954.65,51.23,866.27,66.39,5.39,16.65
11,Kota_11,2024,954.74,660.92,493.31,366.75,511.72,738.97,126.98,693.28,67.16,3.25,15.76
12,Kota_12,2014,1192.63,886.68,766.77,373.3,797.74,1503.2,267.23,599.43,76.55,4.94,11.83
12,Kota_12,2015,715.68,761.22,436.32,360.49,485.27,1555.2,299.85,233.75,74.28,4.33,11.36
12,Kota_12,2016,1067.02,816.91,727.11,261.66,661.63,1567.87,251.96,733.6,74.96,4.16,11.96
12,Kota_12,2017,1317.83,384.15,526.69,102.3,659.67,1176.4,149.04,686.83,73.5,3.04,9.9
12,Kota_12,2018,727.27,351.24,562.07,367.29,895.59,1302.54,144.95,804.33,72.86,3.12,12.93
12,Kota_12,2019,525.64,538.87,428.12,259.53,864.14,1393.68,201.98,735.42,74.75,4.81,11.5
12,Kota_12,2020,743.48,948.92,236.16,473.77,681.3,831.85,171.47,379.74,74.71,3.47,9.82
12,Kota_12,2021,1303.03,677.41,386.78,344.13,972.92,1054.41,153.39,285.32,75.15,3.82,10.93
12,Kota_12,2022,1209.05,374.81,540.39,202.63,1170.34,1328.61,251.5,585.16,73.1,4.66,10.22
12,Kota_12,2023,1451.4,721.13,691.51,453.68,582.46,975.66,202.75,487.72,73.45,3.61,9.92
12,Kota_12,2024,1322.61,596.62,600.53,138.21,899.09,1287.3,196.65,317.61,75.48,4.68,11.21
13,Kota_13,2014,523.64,749.38,564.26,318.68,585.56,1208.18,198.62,547.74,66.93,4.89,11.9
13,Kota_13,2015,1192.44,993.88,277.04,141.64,979.47,1451.9,118.54,255.59,67.61,4.22,9.21
13,Kota_13,2016,726.66,548.5,241.65,307.62,454.09,1740.46,108.43,578.01,68.08,4.65,8.15
13,Kota_13,2017,833.0,768.64,796.48,364.74,846.23,1649.85,166.3,242.1,68.27,4.78,10.42
13,Kota_13,2018,675.3,783.0,320.56,314.33,477.34,1285.48,239.04,443.3,68.91,4.33,9.16
13,Kota_13,2019,1492.48,948.9,523.97,436.81,816.77,1510.66,72.28,728.69,67.98,4.48,9.66
13,Kota_13,2020,1282.03,796.12,221.7,221.25,610.49,1168.18,71.91,855.87,66.29,4.33,8.68
13,Kota_13,2021,1100.59,660.98,751.64,298.79,1193.73,1806.85,102.13,851.42,65.83,4.9,9.74
13,Kota_13,2022,880.62,914.58,720.83,422.37,1032.02,1096.08,70.23,482.09,68.51,3.92,10.19
13,Kota_13,2023,1140.97,875.74,279.51,444.81,1138.21,1333.18,201.56,735.37,68.08,4.58,8.6
13,Kota_13,2024,898.66,402.46,420.52,127.27,420.65,875.72,290.78,584.67,67.71,4.02,10.15
14,Kota_14,2014,1140.83,451.23,571.75,360.08,521.62,779.75,245.19,521.86,68.17,3.88,9.8
14,Kota_14,2015,1483.68,467.43,285.35,148.55,642.62,831.36,223.04,243.6,70.48,3.93,10.67
14,Kota_14,2016,806.25,736.73,516.22,270.43,504.57,1852.59,162.45,336.24,71.28,3.74,8.57
14,Kota_14,2017,1327.54,813.53,661.58,104.41,732.92,1325.75,54.8,381.87,69.84,4.45,8.7
14,Kota_14,2018,512.12,468.84,785.52,420.61,1167.66,1334.21,77.43,583.57,70.02,5.2,10.12
14,Kota_14,2019,598.08,641.77,290.03,229.87,989.89,1318.82,143.97,476.13,71.42,4.35,9.66
14,Kota_14,2020,1188.13,606.32,352.8,436.35,430.74,1872.29,165.37,646.04,71.27,4.65,10.34
14,Kota_14,2021,1136.67,729.75,239.99,307.36,520.14,1658.66,178.06,676.16,69.89,4.34,8.68
14,Kota_14,2022,849.7,842.26,596.82,174.08,539.29,827.91,215.08,735.06,69.19,4.34,9.32
14,Kota_14,2023,1124.66,567.36,323.41,148.55,892.01,1707.02,210.98,571.21,69.54,5.03,10.17
14,Kota_14,2024,1082.42,823.65,687.06,362.59,502.48,1139.75,282.02,357.23,70.53,3.45,8.3
15,Kota_15,2014,1443.08,468.48,272.9,178.99,1109.54,1539.55,121.48,771.16,70.14,4.8,13.68
15,Kota_15,2015,1342.0,809.94,665.87,362.46,541.94,1408.53,296.17,856.17,72.0,4.34,13.25
15,Kota_15,2016,1317.79,449.46,503.51,436.28,986.24,1404.91,197.59,555.85,70.8,3.61,14.87
15,Kota_15,2017,1136.29,832.79,296.04,284.62,407.47,1020.68,231.62,894.27,70.68,3.73,13.09
15,Kota_15,2018,1300.07,442.82,533.05,393.23,892.79,944.43,138.85,748.65,70.09,4.19,13.2
15,Kota_15,2019,1458.07,557.56,396.16,159.56,644.48,1839.65,299.08,457.82,70.99,5.3,13.75
15,Kota_15,2020,1386.2,715.13,434.92,265.05,956.49,704.18,204.9,448.85,69.82,5.4,13.61
15,Kota_15,2021,1079.98,693.04,536.4,341.4,941.17,1746.49,117.46,777.53,70.4,4.22,14.03
15,Kota_15,2022,558.55,533.97,670.94,383.07,1030.89,1372.45,160.05,303.22,69.17,3.58,14.44
15,Kota_15,2023,1098.23,814.96,799.01,473.25,914.05,1247.62,209.04,749.96,70.15,4.24,13.09
15,Kota_15,2024,1339.8,568.68,543.12,335.11,547.58,1170.91,133.63,218.34,70.43,3.14,14.67
16,Kota_16,2014,1372.73,889.35,311.66,421.06,766.55,1327.86,83.37,256.42,68.49,4.26,14.62
16,Kota_16,2015,936.85,810.66,659.31,163.56,888.18,875.96,237.84,659.87,68.29,4.05,11.82
16,Kota_16,2016,1406.25,474.68,363.17,403.76,759.79,1709.72,66.34,541.3,67.66,3.25,13.52
16,Kota_16,2017,847.34,929.88,213.09,365.52,1170.72,1428.22,284.21,236.58,66.83,4.39,13.81
16,Kota_16,2018,698.1,695.73,478.36,488.8,886.82,1154.36,78.52,305.87,66.97,3.92,12.2
16,Kota_16,2019,1350.62,692.86,514.03,145.91,1088.11,1639.66,66.92,695.48,67.72,4.73,11.47
16,Kota_16,2020,665.77,961.99,709.99,367.61,769.84,1235.3,212.74,581.8,65.39,4.24,12.1
16,Kota_16,2021,1306.4,621.47,231.17,414.51,561.09,1036.21,91.18,431.15,68.62,4.78,13.07
16,Kota_16,2022,1379.58,909.4,343.28,280.5,1187.99,1703.62,56.79,245.64,68.39,5.24,12.77
16,Kota_16,2023,1038.7,648.47,263.28,362.71,1057.68,1194.55,243.9,875.13,68.48,3.72,13.43
16,Kota_16,2024,1077.59,744.21,678.75,258.39,1132.07,1392.94,89.49,687.13,67.76,4.28,13.66
17,Kota_17,2014,776.9,988.47,284.43,180.81,547.38,1862.19,213.57,306.47,76.42,3.84,16.83
17,Kota_17,2015,1467.13,592.43,790.47,367.17,907.74,915.74,270.48,499.24,75.95,4.78,19.05
17,Kota_17,2016,1219.35,923.18,247.64,392.6,549.93,1815.63,254.77,578.56,73.54,4.92,17.8
17,Kota_17,2017,959.27,550.46,496.53,431.3,668.17,925.89,228.0,778.18,74.15,3.88,16.05
17,Kota_17,2018,641.97,543.56,470.21,399.53,920.92,1507.21,138.09,789.01,74.51,4.48,15.6
17,Kota_17,2019,1176.18,527.57,611.8,127.86,539.91,1812.46,106.79,785.93,74.7,4.77,15.0
17,Kota_17,2020,1194.15,658.86,383.19,185.06,426.55,1095.13,213.29,856.81,74.78,4.13,16.93
17,Kota_17,2021,760.29,935.04,602.44,324.18,488.79,1281.17,165.09,805.19,75.44,2.95,17.3
17,Kota_17,2022,1476.8,377.5,453.53,116.81,991.92,1893.5,120.01,800.84,74.97,4.61,16.98
17,Kota_17,2023,518.01,973.97,636.0,221.9,1063.52,1065.98,268.19,278.81,74.84,4.57,18.74
17,Kota_17,2024,596.53,469.33,207.44,287.51,641.01,1477.86,124.31,409.94,75.01,5.11,16.68
18,Kota_18,2014,1082.81,996.81,713.42,308.58,450.91,1780.79,199.74,280.45,73.72,4.74,10.26
18,Kota_18,2015,1378.98,700.24,510.47,272.17,653.56,1264.97,243.47,621.35,73.78,4.63,11.04
18,Kota_18,2016,1091.7,791.84,342.46,304.95,483.38,1199.86,171.92,656.56,75.12,4.05,10.04
18,Kota_18,2017,1243.59,654.39,580.46,128.37,603.51,1170.41,168.12,231.95,73.4,3.72,8.34
18,Kota_18,2018,1110.78,496.48,324.2,306.63,404.4,709.96,104.77,225.7,73.62,3.52,9.03
18,Kota_18,2019,1302.59,700.43,507.6,217.4,1145.4,1216.12,71.77,631.95,73.56,4.13,10.52
18,Kota_18,2020,993.55,791.58,795.69,152.6,619.79,1212.95,155.46,487.71,73.78,4.24,10.15
18,Kota_18,2021,1107.91,516.56,694.27,482.02,1056.96,702.03,209.1,235.79,75.32,4.65,9.51
18,Kota_18,2022,956.24,558.34,272.62,267.58,1000.94,792.31,70.05,448.34,72.76,4.28,10.12
18,Kota_18,2023,1178.67,553.34,556.2,104.05,908.88,1887.27,203.14,811.59,73.14,4.85,8.21
18,Kota_18,2024,511.71,595.42,377.02,294.4,861.76,756.86,80.75,591.05,73.55,4.7,8.84
19,Kota_19,2014,1192.49,600.95,603.78,210.15,645.05,1725.68,161.6,758.87,72.65,4.51,15.74
19,Kota_19,2015,818.87,707.54,422.7,340.43,964.47,1594.93,143.64,316.8,73.03,4.02,16.08
19,Kota_19,2016,1390.1,542.11,292.68,110.18,916.66,1527.97,135.15,250.2,70.75,4.09,17.14
19,Kota_19,2017,864.59,452.52,792.82,281.6,950.62,882.72,171.4,219.28,73.75,4.47,16.36
19,Kota_19,2018,884.21,327.3,218.57,255.19,528.02,730.36,239.05,520.97,72.66,3.64,16.83
19,Kota_19,2019,1102.94,878.7,790.41,215.36,1168.91,1206.33,146.38,438.27,72.09,3.94,16.27
19,Kota_19,2020,1053.71,679.19,657.14,433.46,752.35,1093.03,114.83,336.24,72.15,3.91,14.23
19,Kota_19,2021,1080.47,397.44,466.43,350.49,791.12,1222.31,298.46,816.22,72.97,4.79,17.83
19,Kota_19,2022,1120.66,440.92,437.08,115.78,780.44,1405.93,106.94,874.82,72.51,4.56,16.9
19,Kota_19,2023,630.65,853.36,274.89,417.68,620.61,1840.22,286.01,304.16,72.28,4.61,16.33
19,Kota_19,2024,983.41,904.48,553.24,250.13,628.63,964.19,240.45,470.58,70.24,5.55,17.2
20,Kota_20,2014,1327.52,835.17,544.12,482.42,560.38,842.04,263.49,507.4,76.03,4.17,9.57
20,Kota_20,2015,1126.59,948.47,211.47,290.74,950.18,1639.52,223.13,294.1,74.78,3.89,12.09
20,Kota_20,2016,710.7,970.21,205.32,499.13,941.46,1777.01,123.65,210.02,76.41,5.0,13.42
20,Kota_20,2017,1240.48,400.0,652.06,407.57,926.83,1695.95,261.48,629.52,75.56,4.15,12.28
20,Kota_20,2018,907.11,346.21,409.29,144.4,1046.59,1931.99,68.08,868.58,74.65,3.86,12.59
20,Kota_20,2019,576.86,650.44,676.71,382.83,440.18,794.77,150.72,406.7,74.59,3.28,13.63
20,Kota_20,2020,821.5,633.51,335.62,356.19,1183.18,1484.54,139.45,653.47,75.28,3.18,12.74
20,Kota_20,2021,1085.86,737.35,243.07,373.05,593.55,1628.14,255.63,762.77,76.71,5.67,12.79
20,Kota_20,2022,771.41,647.69,370.56,153.53,903.65,770.63,237.16,422.31,74.94,4.11,12.72
20,Kota_20,2023,546.85,493.32,624.19,125.08,1071.47,704.97,111.71,718.63,74.62,4.06,11.25
20,Kota_20,2024,1342.71,519.34,673.36,456.75,747.05,1882.93,144.33,874.85,74.87,4.67,11.66
21,Kota_21,2014,1132.71,792.7,202.62,166.78,970.44,1566.3,291.51,732.73,70.91,4.66,11.63
21,Kota_21,2015,1281.82,750.9,228.91,244.02,1165.44,1350.52,158.18,520.39,70.56,4.33,11.13
21,Kota_21,2016,869.81,336.65,660.54,266.6,1057.74,1805.45,103.0,660.15,71.55,4.71,13.05
21,Kota_21,2017,1107.75,506.71,281.96,360.66,990.88,1110.32,211.21,476.59,69.62,3.9,13.07
21,Kota_21,2018,1390.22,501.19,420.67,123.24,489.21,1370.62,116.9,784.84,70.61,3.58,9.57
21,Kota_21,2019,1030.94,716.59,205.95,285.64,1170.8,1374.74,219.39,418.3,70.55,4.98,13.22
21,Kota_21,2020,1021.3,983.21,275.33,106.78,1016.13,1749.3,80.05,385.91,70.94,5.46,11.29
21,Kota_21,2021,501.35,509.86,587.88,489.68,1077.65,730.67,274.64,748.24,68.93,4.12,13.92
21,Kota_21,2022,898.01,512.04,239.42,191.29,597.28,1329.3,236.86,531.67,70.61,4.26,11.2
21,Kota_21,2023,695.83,398.56,573.45,412.53,862.64,891.05,252.78,645.17,69.83,4.93,11.43
21,Kota_21,2024,759.9,541.63,750.49,216.2,775.99,1857.18,226.93,243.54,69.7,5.59,11.1
22,Kota_22,2014,576.24,492.29,684.18,283.87,837.26,1262.66,60.97,316.02,70.68,3.59,14.78
22,Kota_22,2015,549.98,890.55,788.72,417.26,1083.03,1014.57,290.16,337.85,69.04,4.6,17.06
22,Kota_22,2016,573.08,735.64,788.71,176.04,1034.08,1880.27,285.93,872.09,69.22,4.98,14.67
22,Kota_22,2017,1257.31,413.17,486.14,387.33,597.87,1532.8,216.65,313.89,72.28,4.42,14.53
22,Kota_22,2018,509.04,549.92,755.72,191.47,907.49,988.7,130.42,793.63,70.48,3.99,14.99
22,Kota_22,2019,928.7,320.42,488.53,364.97,494.8,1075.55,149.46,843.67,69.95,4.59,15.99
22,Kota_22,2020,1418.43,965.65,546.27,242.85,1030.04,1026.3,191.02,451.0,70.5,3.73,15.43
22,Kota_22,2021,691.59,942.77,261.08,302.38,576.68,750.61,59.0,322.66,70.32,4.18,15.11
22,Kota_22,2022,936.61,706.06,510.02,403.51,626.0,1158.97,273.52,862.52,71.34,3.99,15.47
22,Kota_22,2023,1280.37,633.44,498.52,181.87,872.9,941.98,132.89,798.52,68.3,4.27,14.93
22,Kota_22,2024,832.19,785.53,662.67,361.86,521.28,1838.65,184.77,397.73,71.14,4.08,14.83
23,Kota_23,2014,500.01,591.6,513.51,121.85,1178.46,993.96,126.05,412.76,67.44,3.87,16.35
23,Kota_23,2015,922.63,512.05,395.18,385.05,1053.42,936.1,142.74,831.36,67.41,4.01,16.69
23,Kota_23,2016,1090.64,762.71,247.07,317.8,967.46,917.52,245.16,608.64,67.78,3.48,16.42
23,Kota_23,2017,1259.01,371.76,508.31,303.56,695.42,1912.8,256.88,688.05,66.06,4.35,17.06
23,Kota_23,2018,1420.99,786.22,637.39,444.68,619.26,1749.19,98.81,441.74,67.74,4.76,15.85
23,Kota_23,2019,1447.09,647.38,428.31,165.21,1028.96,1654.78,146.09,217.64,68.94,3.89,15.18
23,Kota_23,2020,1204.87,871.99,527.86,486.81,441.33,1356.23,229.61,803.85,67.72,3.77,13.05
23,Kota_23,2021,631.72,905.71,294.36,223.92,632.04,1832.84,218.18,757.68,68.05,4.76,14.04
23,Kota_23,2022,1071.75,882.98,743.65,104.86,939.22,767.39,187.21,401.34,66.14,3.46,14.0
23,Kota_23,2023,1232.7,583.17,241.01,413.5,628.61,1262.6,221.36,432.72,68.24,4.06,14.9
23,Kota_23,2024,1444.45,749.21,602.89,352.91,559.19,1243.83,237.73,270.96,66.34,3.59,15.85
24,Kota_24,2014,679.36,979.47,267.98,261.44,990.31,1615.92,155.68,442.57,66.36,3.85,12.99
24,Kota_24,2015,705.33,638.13,361.12,214.98,925.4,1959.1,200.91,253.89,65.74,4.58,15.43
24,Kota_24,2016,1148.5,487.18,209.07,486.01,600.71,1578.83,226.66,627.01,67.78,3.71,12.45
24,Kota_24,2017,1097.67,906.27,768.04,142.36,523.86,1928.16,234.13,818.1,66.98,3.72,14.29
24,Kota_24,2018,908.15,310.78,549.76,201.24,760.2,1944.86,149.76,787.86,67.42,4.86,12.31
24,Kota_24,2019,1477.01,371.33,204.99,273.43,474.1,1672.9,278.64,503.81,66.13,3.41,15.1
24,Kota_24,2020,1137.69,469.42,628.43,136.56,559.42,1840.71,234.68,209.62,67.81,3.98,12.97
24,Kota_24,2021,770.81,473.29,237.52,283.58,986.19,1488.75,218.22,256.8,66.75,4.77,13.81
24,Kota_24,2022,700.28,731.75,645.73,395.17,817.16,789.0,142.78,844.54,67.06,4.58,15.71
24,Kota_24,2023,768.85,557.91,737.21,366.59,1029.91,1290.65,207.56,373.87,65.68,5.33,15.65
24,Kota_24,2024,1436.28,344.8,694.85,216.95,755.14,728.49,125.26,551.84,65.76,3.96,12.64
25,Kota_25,2014,1264.44,586.77,593.1,204.09,527.59,908.6,67.62,329.95,75.93,4.05,10.8
25,Kota_25,2015,610.43,502.43,385.88,199.98,812.0,1396.22,139.22,447.65,75.75,4.59,10.89
25,Kota_25,2016,807.8,939.65,771.69,230.7,683.54,1357.32,285.28,813.42,74.82,3.8,10.21
25,Kota_25,2017,693.86,901.17,606.16,435.16,1087.01,1672.86,159.8,627.38,77.96,4.94,9.27
25,Kota_25,2018,679.25,785.76,337.76,147.02,532.23,702.59,229.68,712.68,73.68,3.8,9.43
25,Kota_25,2019,605.35,455.65,511.53,343.1,596.28,775.05,147.76,363.94,73.5,4.38,12.5
25,Kota_25,2020,915.78,600.26,524.54,378.57,961.72,923.2,175.03,488.37,75.3,4.69,9.21
25,Kota_25,2021,1105.64,382.04,402.32,157.14,953.66,968.13,147.96,826.97,75.06,4.27,8.48
25,Kota_25,2022,919.27,312.69,675.65,127.62,779.4,1428.88,207.11,682.04,75.14,5.22,10.46
25,Kota_25,2023,1343.33,639.57,400.18,416.62,761.04,938.47,263.74,817.79,75.59,3.68,9.8
25,Kota_25,2024,887.83,862.48,741.06,181.39,453.58,1840.56,147.35,579.23,74.45,4.39,11.37
26,Kota_26,2014,1059.06,524.81,332.07,240.21,698.03,789.33,142.39,524.97,69.58,4.4,18.57
26,Kota_26,2015,1208.77,305.85,330.6,364.67,787.19,706.91,251.12,740.97,69.33,4.02,17.55
26,Kota_26,2016,1281.96,826.22,681.8,307.2,512.26,1572.5,205.12,719.58,71.76,3.97,16.61
26,Kota_26,2017,1390.41,824.98,744.94,403.49,877.72,1550.37,272.28,605.16,69.33,4.68,18.95
26,Kota_26,2018,770.94,441.58,388.3,196.6,571.93,1252.31,276.96,554.94,69.68,3.63,18.88
26,Kota_26,2019,1321.83,761.66,677.74,208.78,953.89,1043.28,284.77,645.46,69.12,3.84,17.73
26,Kota_26,2020,718.72,716.71,358.78,364.79,1051.95,1711.43,240.21,331.41,69.03,4.83,16.99
26,Kota_26,2021,868.35,602.64,218.69,203.83,426.94,1842.94,110.85,590.14,70.11,4.13,17.98
26,Kota_26,2022,1388.12,527.7,740.58,498.46,1060.33,1798.33,112.25,603.69,69.94,5.13,17.75
26,Kota_26,2023,1358.02,998.34,344.9,116.14,728.95,869.1,55.61,452.3,70.75,4.73,18.34
26,Kota_26,2024,732.02,310.07,658.61,349.5,1009.84,750.62,259.28,633.67,68.51,5.19,18.34
27,Kota_27,2014,1080.95,993.48,654.04,276.92,965.92,1206.0,107.22,617.8,74.95,3.33,14.56
27,Kota_27,2015,1093.16,337.34,472.86,369.91,942.03,1185.06,285.42,317.15,75.21,5.33,14.15
27,Kota_27,2016,1197.14,754.05,365.17,162.48,908.75,1479.09,94.84,693.6,76.53,4.2,13.52
27,Kota_27,2017,519.14,845.37,565.82,379.86,1070.52,1743.65,290.23,575.15,74.58,3.46,13.84
27,Kota_27,2018,653.69,700.83,366.21,468.52,866.55,1470.69,138.73,236.39,74.18,4.2,14.53
27,Kota_27,2019,1380.97,918.04,595.43,184.49,1090.4,1851.92,99.16,716.2,73.94,5.25,13.15
27,Kota_27,2020,1497.24,321.02,738.42,349.05,1178.71,1304.51,261.85,243.68,74.0,4.5,13.87
27,Kota_27,2021,571.03,447.56,337.62,287.64,614.85,831.27,91.87,303.09,73.36,3.88,14.79
27,Kota_27,2022,778.37,858.81,395.75,219.75,586.0,868.58,114.12,448.72,73.92,3.99,14.74
27,Kota_27,2023,646.92,539.85,718.8,161.97,466.19,1329.9,125.6,594.39,73.63,3.86,14.39
27,Kota_27,2024,1080.7,653.86,286.45,349.6,618.91,1334.18,70.57,521.71,75.36,3.89,13.89
28,Kota_28,2014,1074.29,767.05,666.23,444.88,651.1,1399.43,260.03,892.62,69.79,4.08,15.7
28,Kota_28,2015,695.17,642.57,644.98,297.03,786.54,1789.7,140.35,801.86,68.49,4.06,16.59
28,Kota_28,2016,626.0,437.49,770.87,170.2,854.18,1453.11,172.41,651.32,69.8,4.56,13.64
28,Kota_28,2017,872.17,763.17,284.73,328.35,548.22,1062.24,104.68,327.99,69.78,4.39,14.2
28,Kota_28,2018,874.55,858.41,420.43,134.81,845.43,1798.66,248.98,322.59,70.59,4.02,15.99
28,Kota_28,2019,718.21,911.85,349.8,205.3,400.52,1831.87,248.15,639.13,69.67,4.47,13.05
28,Kota_28,2020,593.78,640.29,752.44,116.02,633.17,969.8,109.54,835.9,69.55,2.87,12.92
28,Kota_28,2021,1260.58,408.14,492.36,271.99,877.53,1999.43,242.36,478.51,69.99,4.89,15.23
28,Kota_28,2022,1115.13,937.42,505.91,300.51,440.19,745.39,187.79,506.73,68.39,3.58,15.4
28,Kota_28,2023,524.97,614.33,342.49,119.85,979.68,845.07,202.08,396.73,69.68,3.64,14.91
28,Kota_28,2024,1250.77,387.84,663.66,194.77,941.91,1435.52,282.29,471.13,71.62,4.52,16.39
29,Kota_29,2014,845.08,321.07,776.9,367.15,1146.56,1045.15,202.87,674.95,74.17,4.21,10.26
29,Kota_29,2015,781.62,974.35,206.17,386.42,965.0,1509.5,297.53,418.32,74.49,4.22,11.12
29,Kota_29,2016,942.8,482.73,406.03,433.83,1148.39,941.45,143.13,850.04,73.74,3.82,11.08
29,Kota_29,2017,746.66,629.67,597.15,400.47,1003.09,1451.26,276.09,772.19,70.39,4.05,12.86
29,Kota_29,2018,902.41,919.21,737.34,463.67,651.1,1598.37,117.91,333.43,73.04,3.79,12.59
29,Kota_29,2019,619.89,814.45,518.87,215.18,794.26,1089.92,199.02,503.69,73.13,4.64,11.44
29,Kota_29,2020,843.96,813.1,595.2,472.62,1056.78,1436.59,214.26,828.87,71.84,4.08,10.92
29,Kota_29,2021,1076.86,624.79,271.23,492.23,571.76,787.4,198.71,717.21,73.63,3.89,10.84
29,Kota_29,2022,1032.29,372.29,303.51,327.19,637.09,1919.81,254.69,888.5,71.51,4.04,10.53
29,Kota_29,2023,726.52,729.78,351.71,331.05,687.37,1770.62,255.17,534.15,75.3,3.79,9.89
29,Kota_29,2024,1305.71,529.73,325.44,133.88,773.35,1326.77,260.23,354.87,74.82,4.05,10.82
30,Kota_30,2014,1432.55,383.05,760.25,373.55,825.26,742.46,168.9,485.42,71.61,4.26,10.67
30,Kota_30,2015,1471.15,693.53,628.85,127.38,734.13,851.27,203.2,856.94,70.02,4.13,12.1
30,Kota_30,2016,903.21,883.55,688.8,344.73,698.77,1031.94,76.47,448.43,68.35,4.94,10.98
30,Kota_30,2017,1158.16,349.08,437.16,172.71,525.45,1775.49,60.48,493.43,68.8,4.47,13.49
30,Kota_30,2018,1458.12,454.31,731.71,473.72,1133.14,1526.04,207.46,482.25,70.52,4.77,13.28
30,Kota_30,2019,1177.44,599.92,638.9,429.79,517.15,1782.81,185.07,791.27,68.45,3.75,11.33
30,Kota_30,2020,1344.21,638.81,508.46,223.39,858.43,1122.77,59.82,390.4,70.83,4.2,12.17
30,Kota_30,2021,1228.37,542.06,602.66,422.17,1157.4,1220.28,245.82,386.15,72.07,5.07,11.06
30,Kota_30,2022,1438.53,426.83,573.65,189.07,645.77,1410.4,154.3,312.16,70.84,4.07,10.57
30,Kota_30,2023,1257.28,928.58,250.48,257.24,480.2,721.57,215.43,621.71,70.11,3.44,12.11
30,Kota_30,2024,1426.46,593.74,230.37,115.76,859.16,1210.76,57.16,608.28,70.18,4.25,11.53
31,Kota_31,2014,1473.8,680.94,365.14,383.78,617.19,1875.52,143.68,584.91,71.79,4.13,12.76
31,Kota_31,2015,724.32,458.26,690.38,472.16,476.29,1285.08,134.36,809.48,71.9,2.57,12.02
31,Kota_31,2016,834.4,576.2,517.96,164.55,857.6,1747.06,240.04,307.73,71.07,4.21,11.56
31,Kota_31,2017,1179.7,339.68,220.8,256.76,957.73,951.47,210.38,381.88,69.86,3.74,11.81
31,Kota_31,2018,911.3,468.37,603.43,430.43,938.47,1771.66,149.25,309.42,70.75,5.3,11.49
31,Kota_31,2019,581.23,994.81,293.72,495.37,1181.82,1731.96,214.86,604.46,72.47,4.61,13.3
31,Kota_31,2020,967.68,733.57,446.71,270.99,664.23,1433.5,262.64,341.07,71.85,4.46,12.87
31,Kota_31,2021,1279.52,311.34,691.03,116.06,1111.93,1989.55,123.52,347.22,72.93,4.5,13.38
31,Kota_31,2022,1365.56,371.99,275.57,491.66,939.07,1800.95,131.08,673.54,73.38,5.41,13.04
31,Kota_31,2023,929.06,493.15,661.15,190.51,953.88,1003.33,206.33,722.95,73.33,4.41,11.41
31,Kota_31,2024,1349.45,331.5,640.49,236.53,782.82,1907.52,132.99,525.74,70.62,5.54,11.13
32,Kota_32,2014,1465.3,335.29,734.23,330.75,851.14,1350.36,67.35,262.91,69.02,3.52,15.75
32,Kota_32,2015,1417.27,584.61,285.97,385.89,634.68,1383.11,224.46,830.18,69.54,4.73,14.67
32,Kota_32,2016,795.82,300.78,363.17,187.16,929.47,1523.83,198.37,211.37,68.63,4.05,16.1
32,Kota_32,2017,1165.06,689.6,405.64,153.83,475.54,1780.97,279.6,654.85,68.6,3.83,15.38
32,Kota_32,2018,618.22,300.02,627.28,242.64,603.59,716.77,185.07,795.81,69.11,3.88,15.12
32,Kota_32,2019,1014.46,359.54,529.32,251.99,885.71,1205.34,110.07,266.48,67.98,4.17,16.24
32,Kota_32,2020,1373.62,996.9,549.63,424.99,661.55,1097.47,150.68,670.76,66.56,3.5,15.57
32,Kota_32,2021,633.21,742.68,277.0,331.4,954.74,1610.79,238.37,811.0,70.33,4.57,13.37
32,Kota_32,2022,525.69,499.18,465.82,346.84,1079.97,955.12,81.39,874.44,68.87,4.31,13.56
32,Kota_32,2023,1085.56,678.96,251.62,122.81,484.39,1461.26,186.09,363.62,69.88,4.36,14.73
32,Kota_32,2024,1189.31,476.62,384.66,345.46,1118.35,1752.9,195.78,711.16,68.16,5.47,13.11
33,Kota_33,2014,1201.74,689.53,415.17,464.54,416.75,1110.51,64.22,736.57,69.51,4.5,9.68
33,Kota_33,2015,1256.25,617.93,447.37,473.89,600.7,856.58,196.14,878.53,72.17,3.61,10.36
33,Kota_33,2016,839.31,654.15,297.15,363.24,1198.2,1287.26,138.68,480.49,68.55,3.92,10.22
33,Kota_33,2017,1148.23,343.01,688.23,476.2,919.01,1940.94,87.86,534.19,72.33,5.43,12.61
33,Kota_33,2018,901.46,536.66,276.09,256.7,530.13,1654.68,102.21,241.0,72.49,4.85,11.29
33,Kota_33,2019,845.48,862.11,524.17,131.71,852.68,1880.42,149.08,407.43,71.46,4.59,10.9
33,Kota_33,2020,932.77,716.98,248.37,475.83,1004.11,1462.61,257.11,256.13,72.69,4.33,11.55
33,Kota_33,2021,777.07,958.62,274.61,450.05,1176.75,930.3,230.52,228.2,71.0,4.62,8.59
33,Kota_33,2022,1080.65,955.16,603.35,292.51,1047.74,1935.69,55.52,887.76,69.91,4.6,12.57
33,Kota_33,2023,880.95,338.2,559.68,460.96,706.57,981.23,160.64,233.85,69.41,4.27,11.51
33,Kota_33,2024,1088.0,547.17,679.87,321.87,1060.75,1520.9,246.1,618.99,70.95,4.56,13.03
34,Kota_34,2014,1071.61,429.39,235.75,341.74,1010.95,1380.42,106.69,666.57,68.8,4.44,13.41
34,Kota_34,2015,663.37,429.12,321.38,254.68,440.92,1217.13,177.93,538.31,68.8,3.77,14.45
34,Kota_34,2016,562.04,349.81,544.32,326.41,1102.43,1425.24,289.95,234.09,66.45,4.68,13.34
34,Kota_34,2017,1145.57,331.91,767.58,436.87,637.29,800.34,92.47,288.86,67.96,3.38,13.74
34,Kota_34,2018,1489.51,779.02,769.39,157.02,705.71,1421.15,69.19,202.93,66.98,4.85,15.8
34,Kota_34,2019,910.79,642.75,449.27,109.6,668.3,930.21,74.61,869.7,69.45,4.33,13.2
34,Kota_34,2020,736.92,367.88,307.42,419.01,942.04,1411.01,168.77,845.7,66.12,4.37,13.84
34,Kota_34,2021,849.94,847.7,795.51,196.27,1099.45,1779.81,106.16,479.53,68.29,4.74,14.91
34,Kota_34,2022,834.19,811.61,452.01,331.34,1066.09,1745.42,266.61,241.73,67.41,4.33,15.01
34,Kota_34,2023,915.82,684.01,441.64,307.84,1197.22,875.78,218.86,477.2,67.35,3.81,14.2
34,Kota_34,2024,918.39,550.47,556.27,330.24,529.17,1313.26,188.37,599.2,69.95,4.42,13.5
35,Kota_35,2014,1280.21,694.73,356.7,377.98,853.91,1735.12,233.76,627.08,65.06,4.53,11.48
35,Kota_35,2015,1099.3,659.6,372.91,102.59,796.99,1071.31,233.65,216.76,64.5,4.49,12.48
35,Kota_35,2016,674.41,630.15,254.85,350.27,840.43,1229.58,180.34,827.6,66.07,4.82,12.28
35,Kota_35,2017,1310.16,600.77,649.92,465.22,857.7,935.02,117.2,339.05,67.05,3.75,11.14
35,Kota_35,2018,1055.13,711.59,455.9,346.17,465.26,814.12,92.96,562.65,65.37,3.32,13.37
35,Kota_35,2019,513.86,754.57,601.33,419.46,1146.2,726.18,88.45,820.32,65.41,5.43,10.63
35,Kota_35,2020,1163.03,775.35,759.04,498.78,976.13,1073.39,269.94,234.45,66.48,4.2,11.5
35,Kota_35,2021,638.13,901.38,500.03,369.96,591.25,1685.45,240.0,418.82,65.21,3.64,11.94
35,Kota_35,2022,1476.56,751.92,760.73,221.35,1025.51,1695.62,222.91,875.95,65.31,4.53,12.98
35,Kota_35,2023,1075.06,444.77,502.67,224.88,741.97,1538.78,236.3,362.56,66.86,3.59,11.63
35,Kota_35,2024,698.63,848.37,745.55,248.09,1001.02,1866.09,261.53,327.97,65.82,4.96,11.9
36,Kota_36,2014,748.54,521.86,685.3,450.2,641.97,1816.31,264.31,735.26,70.26,4.64,9.31
36,Kota_36,2015,1445.02,777.78,398.97,300.23,916.58,1363.74,79.99,418.44,71.27,4.57,11.34
36,Kota_36,2016,1251.83,868.36,767.45,225.17,1086.81,871.19,226.26,719.38,69.58,3.73,10.81
36,Kota_36,2017,1373.04,418.2,232.18,386.99,780.38,1803.83,145.85,317.8,70.89,5.14,10.84
36,Kota_36,2018,1011.11,723.02,476.54,431.48,1063.65,1622.21,76.35,787.2,69.81,5.27,11.08
36,Kota_36,2019,862.98,915.5,635.22,145.04,726.22,1852.29,61.8,872.99,71.72,5.23,9.09
36,Kota_36,2020,1442.06,508.79,665.3,257.25,511.4,713.93,186.06,883.05,69.95,3.05,8.51
36,Kota_36,2021,844.09,664.38,464.4,451.97,804.42,1360.09,84.59,887.92,70.37,4.27,10.99
36,Kota_36,2022,915.15,595.53,671.04,178.29,1056.2,1543.37,154.74,520.62,72.26,5.05,9.4
36,Kota_36,2023,1012.87,524.6,557.63,498.29,748.21,1896.9,136.25,238.31,70.21,3.87,9.69
36,Kota_36,2024,620.36,347.32,634.42,471.52,744.43,854.88,178.1,444.18,70.83,4.74,8.9
37,Kota_37,2014,535.59,996.03,339.64,121.53,551.9,750.65,147.95,761.68,72.16,2.83,10.29
37,Kota_37,2015,1361.45,906.22,205.95,411.22,768.59,1985.49,170.81,890.83,75.27,4.2,10.68
37,Kota_37,2016,1038.39,994.49,714.52,138.95,965.1,1149.25,51.75,482.44,73.77,4.07,11.24
37,Kota_37,2017,500.6,515.47,344.7,193.43,454.55,943.26,188.89,403.95,72.15,2.92,9.22
37,Kota_37,2018,1375.9,933.71,495.77,232.06,485.44,1939.42,65.06,408.36,72.21,3.77,10.65
37,Kota_37,2019,622.5,744.43,274.31,128.21,1127.54,947.17,255.31,581.24,72.25,4.67,9.88
37,Kota_37,2020,668.81,897.76,207.94,304.71,1015.55,1915.23,277.3,773.74,72.72,4.88,9.15
37,Kota_37,2021,877.05,575.32,526.73,163.95,953.0,917.84,127.58,552.34,71.84,4.55,11.05
37,Kota_37,2022,1145.53,409.04,528.23,134.98,701.89,1237.57,59.95,391.79,72.54,4.12,9.87
37,Kota_37,2023,1447.78,398.84,658.11,143.47,1185.01,1196.1,243.81,439.81,71.89,3.96,10.63
37,Kota_37,2024,646.02,956.64,750.59,454.99,900.35,1750.75,67.26,434.35,73.93,3.88,9.42
38,Kota_38,2014,882.12,392.59,318.01,194.99,639.92,1535.63,200.24,687.26,71.17,4.83,15.31
38,Kota_38,2015,704.09,628.33,680.56,172.06,487.89,1848.79,135.73,678.71,71.2,4.24,14.43
38,Kota_38,2016,886.81,356.41,288.3,219.19,471.81,1884.07,51.51,538.7,72.14,4.13,15.14
38,Kota_38,2017,1426.06,413.19,779.5,182.32,993.25,1410.68,271.12,587.8,70.45,4.58,14.58
38,Kota_38,2018,1259.82,537.18,771.24,395.17,877.94,1845.16,62.4,379.94,70.33,3.86,15.67
38,Kota_38,2019,1243.91,943.45,454.26,236.85,1169.24,1278.31,172.26,446.15,72.11,5.0,16.52
38,Kota_38,2020,841.85,603.59,709.08,245.3,1035.15,1923.29,205.8,719.14,72.21,5.0,16.14
38,Kota_38,2021,895.05,335.88,441.13,369.5,760.28,1673.65,139.25,644.32,72.13,4.08,14.38
38,Kota_38,2022,791.91,824.03,489.56,186.41,1173.82,1629.66,289.28,498.97,71.91,5.23,15.87
38,Kota_38,2023,1025.05,795.1,351.3,278.69,498.76,967.77,50.24,227.49,72.76,4.11,14.87
38,Kota_38,2024,1228.12,720.18,638.75,407.9,1180.33,1445.63,135.41,653.93,72.04,4.49,14.92
39,Kota_39,2014,893.64,631.4,712.73,236.0,1095.72,814.57,244.2,793.28,73.58,3.64,14.47
39,Kota_39,2015,1035.35,744.73,317.89,184.7,433.2,1118.69,189.94,800.55,73.14,3.54,15.8
39,Kota_39,2016,1453.12,803.47,758.1,311.04,607.12,768.67,231.52,284.91,74.52,2.93,16.16
39,Kota_39,2017,666.26,565.82,570.32,487.93,982.1,1899.38,240.55,614.2,75.01,5.02,13.1
39,Kota_39,2018,1123.38,721.73,493.87,311.46,667.55,1375.11,99.39,763.62,75.93,3.83,12.22
39,Kota_39,2019,1058.17,542.9,759.72,469.06,801.9,1126.25,234.28,225.7,73.43,3.17,13.98
39,Kota_39,2020,1420.54,308.4,531.69,396.27,788.01,811.02,293.12,562.61,72.62,4.33,11.25
39,Kota_39,2021,574.9,374.31,702.48,195.93,555.97,1356.38,242.19,243.36,72.96,3.63,14.63
39,Kota_39,2022,536.46,336.92,700.5,147.19,436.12,1269.27,261.0,383.69,73.04,3.94,16.52
39,Kota_39,2023,1070.91,532.7,389.32,142.65,693.44,829.34,241.65,876.39,72.48,4.77,14.65
39,Kota_39,2024,785.21,741.54,473.39,292.81,1006.22,1066.49,129.51,847.25,73.82,3.99,14.15
40,Kota_40,2014,843.28,896.43,535.53,305.9,479.66,720.84,290.92,463.89,72.01,3.38,11.6
40,Kota_40,2015,1183.11,952.8,545.4,150.45,865.38,1696.25,151.6,815.89,72.19,4.68,10.12
40,Kota_40,2016,809.69,441.26,745.3,404.16,941.12,1091.26,96.01,729.52,71.36,3.53,11.1
40,Kota_40,2017,1116.62,328.23,395.7,287.42,518.37,1980.05,102.27,291.25,71.79,4.06,13.14
40,Kota_40,2018,521.01,324.1,467.5,426.66,1108.19,812.72,184.59,839.26,68.94,4.86,10.87
40,Kota_40,2019,633.7,954.78,650.85,476.53,941.29,1172.43,284.55,392.9,72.4,3.82,12.13
40,Kota_40,2020,1238.55,344.66,432.33,213.11,643.59,1977.83,210.69,702.37,70.63,4.47,11.38
40,Kota_40,2021,1301.84,604.17,721.72,172.26,1158.15,984.4,131.56,729.33,72.92,3.65,12.73
40,Kota_40,2022,728.33,340.92,379.96,289.72,534.42,1161.24,150.0,240.17,70.59,4.49,11.82
40,Kota_40,2023,651.74,718.47,598.84,267.73,960.88,1233.95,176.16,205.15,72.15,5.02,11.55
40,Kota_40,2024,1479.03,594.52,501.17,463.97,973.81,1456.69,249.45,805.06,71.05,3.75,8.36
41,Kota_41,2014,1197.17,358.26,717.78,292.22,455.0,1414.63,154.29,814.42,70.13,3.83,16.15
41,Kota_41,2015,1471.85,658.83,374.53,287.76,1086.29,1096.37,98.17,290.35,69.94,4.91,16.38
41,Kota_41,2016,971.63,459.24,299.71,233.09,1151.94,1145.93,297.03,539.66,71.34,4.32,17.34
41,Kota_41,2017,781.83,429.01,223.62,108.74,1019.59,874.76,166.93,624.13,68.91,4.04,17.0
41,Kota_41,2018,1283.5,307.36,657.13,457.32,746.27,1396.21,169.25,472.45,70.72,3.51,14.01
41,Kota_41,2019,778.69,971.21,285.69,331.93,626.04,1062.71,151.24,899.16,70.21,4.09,16.24
41,Kota_41,2020,582.57,408.16,463.74,304.18,607.03,1111.39,71.74,412.25,70.11,3.11,17.32
41,Kota_41,2021,514.2,480.34,469.97,377.16,986.53,1994.05,121.88,576.75,69.87,3.59,18.02
41,Kota_41,2022,669.16,984.22,711.99,299.33,882.6,995.44,185.95,686.48,69.87,4.21,15.48
41,Kota_41,2023,1272.15,419.32,430.71,238.78,745.45,1716.31,171.04,755.81,71.02,3.53,17.72
41,Kota_41,2024,1309.98,466.8,334.63,301.8,608.68,711.81,212.07,557.77,70.2,3.81,18.03
42,Kota_42,2014,1367.98,708.17,630.81,248.82,473.96,1295.27,148.62,806.94,67.57,4.41,13.29
42,Kota_42,2015,1466.62,610.41,392.6,310.44,950.22,1055.52,234.12,236.16,67.24,4.03,12.59
42,Kota_42,2016,991.02,524.51,315.35,223.79,1179.92,1234.45,161.18,603.58,66.02,5.14,14.81
42,Kota_42,2017,1107.32,362.0,606.12,125.64,876.91,1661.46,102.74,789.14,65.61,4.43,14.88
42,Kota_42,2018,1044.8,387.95,373.84,195.5,570.83,1234.49,226.01,352.22,65.54,3.42,12.4
42,Kota_42,2019,1476.46,968.27,680.08,196.66,454.43,1111.98,116.7,554.15,68.01,4.11,13.31
42,Kota_42,2020,1187.23,518.98,236.54,380.63,407.86,1231.94,132.34,685.36,68.2,3.56,14.75
42,Kota_42,2021,1311.63,505.74,467.8,390.81,954.34,1983.58,106.29,663.62,68.01,4.85,14.17
42,Kota_42,2022,1068.27,492.27,484.66,233.51,863.45,1855.7,192.33,642.21,66.48,4.29,13.81
42,Kota_42,2023,732.86,644.4,386.14,172.71,803.31,1119.65,114.53,524.79,67.42,4.56,14.19
42,Kota_42,2024,1307.96,837.44,268.38,357.56,1067.46,1450.56,211.6,520.85,67.06,4.32,13.83
43,Kota_43,2014,935.01,504.86,527.26,153.37,953.31,1733.51,90.84,273.02,69.69,5.65,10.48
43,Kota_43,2015,1368.0,879.73,575.63,130.11,489.92,764.1,114.37,294.96,71.65,3.43,8.6
43,Kota_43,2016,1442.98,727.26,700.98,384.14,490.0,1656.7,118.77,647.38,71.5,3.74,10.85
43,Kota_43,2017,1336.38,982.11,785.36,126.11,1057.47,1540.2,211.84,289.84,73.39,4.55,10.89
43,Kota_43,2018,539.95,553.61,695.83,380.6,767.47,771.63,156.72,528.32,72.08,4.3,10.38
43,Kota_43,2019,566.06,980.8,416.04,291.15,684.23,1587.27,215.56,700.73,70.12,3.89,8.86
43,Kota_43,2020,625.25,758.86,223.88,339.07,1095.76,1858.08,162.26,521.51,72.23,4.52,9.55
43,Kota_43,2021,921.3,887.19,726.27,197.27,840.46,950.24,75.47,837.78,72.9,4.42,10.47
43,Kota_43,2022,548.77,890.61,462.83,236.96,837.18,818.76,239.16,607.7,71.53,3.83,11.21
43,Kota_43,2023,517.5,334.3,543.66,427.8,661.39,1154.5,199.09,391.95,72.08,4.7,12.07
43,Kota_43,2024,1241.68,772.66,323.53,240.99,500.89,868.81,219.05,801.02,72.43,4.03,10.04
44,Kota_44,2014,1203.28,884.12,233.73,399.01,1080.68,1071.98,210.11,419.91,73.42,3.8,15.88
44,Kota_44,2015,1212.22,423.12,341.23,297.75,1131.87,975.23,86.06,731.28,72.84,4.39,15.77
44,Kota_44,2016,732.88,409.73,610.06,337.47,1003.86,1102.3,161.99,483.83,70.76,3.87,14.34
44,Kota_44,2017,1064.59,476.63,749.17,206.27,1116.65,834.52,214.14,834.89,72.56,4.28,14.16
44,Kota_44,2018,688.3,512.61,255.81,157.55,483.73,1249.83,248.89,298.97,72.79,4.19,14.94
44,Kota_44,2019,697.18,368.33,300.11,469.49,1057.18,1160.28,213.96,576.09,72.86,5.0,14.25
44,Kota_44,2020,539.01,618.9,734.58,327.8,1065.91,1989.11,90.9,684.24,72.46,5.22,14.97
44,Kota_44,2021,607.03,846.49,746.12,253.13,904.51,1259.19,159.44,417.26,72.2,4.65,15.68
44,Kota_44,2022,768.0,938.55,579.91,388.42,605.72,1635.2,57.03,462.72,71.88,3.8,16.06
44,Kota_44,2023,1323.0,464.52,591.37,262.08,876.83,839.69,54.23,836.7,72.82,3.84,16.12
44,Kota_44,2024,1465.45,941.07,501.73,418.04,508.6,1970.67,291.09,314.61,71.06,4.09,15.29
45,Kota_45,2014,878.32,361.88,405.34,492.55,903.75,1241.01,91.63,890.32,67.73,4.76,15.85
45,Kota_45,2015,1428.76,647.72,705.77,278.35,966.87,1651.43,93.49,452.85,67.71,4.29,15.98
45,Kota_45,2016,861.54,674.36,797.73,289.81,1052.85,1261.69,249.1,616.79,68.2,4.94,17.47
45,Kota_45,2017,917.38,401.02,256.14,106.67,1098.83,1007.42,102.88,715.22,69.65,4.42,13.73
45,Kota_45,2018,662.51,971.82,710.95,445.52,725.42,1691.07,85.97,206.03,68.49,4.27,17.33
45,Kota_45,2019,507.46,595.88,630.84,277.08,985.78,1002.92,253.29,611.9,65.37,3.96,15.21
45,Kota_45,2020,1128.03,880.96,449.38,203.32,1093.61,1570.05,162.02,541.53,69.16,4.05,13.79
45,Kota_45,2021,1065.85,941.73,680.49,280.45,974.96,1462.11,173.09,334.62,65.79,3.7,15.74
45,Kota_45,2022,1414.84,534.78,771.36,313.22,905.24,1405.82,82.35,463.07,68.88,4.03,17.26
45,Kota_45,2023,720.47,415.2,443.8,470.63,968.34,1244.6,179.32,258.95,67.96,4.72,14.5
45,Kota_45,2024,609.48,976.09,304.87,359.21,596.36,1632.83,244.21,671.39,69.27,4.42,15.64
46,Kota_46,2014,889.39,812.83,610.84,184.83,591.2,1065.67,152.78,364.03,67.68,3.96,17.63
46,Kota_46,2015,838.51,304.96,608.15,430.18,517.29,907.57,247.52,631.4,68.15,3.63,16.22
46,Kota_46,2016,1269.73,867.65,440.21,478.86,725.17,1703.39,170.97,828.27,67.02,4.13,17.54
46,Kota_46,2017,1305.12,895.09,373.49,480.9,439.89,894.88,184.4,603.05,69.22,3.86,18.1
46,Kota_46,2018,513.28,679.41,475.74,299.59,457.77,1589.77,175.81,735.6,68.53,3.57,17.19
46,Kota_46,2019,1148.26,420.67,723.44,345.25,525.76,1951.04,179.59,251.03,66.86,4.75,17.9
46,Kota_46,2020,1478.95,651.31,472.97,401.39,505.98,1410.99,186.56,262.63,68.98,4.66,17.02
46,Kota_46,2021,1356.15,369.47,254.43,205.08,1099.81,867.57,230.0,270.82,66.81,4.95,16.64
46,Kota_46,2022,1139.2,464.98,628.2,449.47,501.44,1826.57,198.39,288.98,68.96,3.72,17.11
46,Kota_46,2023,1200.35,831.21,263.48,302.46,1051.7,1917.01,178.38,865.2,66.1,5.19,16.91
46,Kota_46,2024,971.9,643.22,708.07,432.78,722.82,1133.29,172.98,600.94,69.43,4.51,16.54
47,Kota_47,2014,606.82,467.19,769.57,222.04,535.09,1298.87,126.77,224.61,70.84,3.1,10.28
47,Kota_47,2015,947.3,975.86,426.41,203.29,594.77,1295.09,239.88,344.19,71.47,4.84,11.73
47,Kota_47,2016,838.73,694.62,322.99,396.8,441.82,1808.31,99.55,812.08,71.88,3.82,12.48
47,Kota_47,2017,626.64,424.96,495.82,132.78,556.78,1926.9,294.12,463.38,70.07,4.45,12.96
47,Kota_47,2018,769.74,791.68,595.34,495.65,612.04,1573.68,63.01,279.55,71.15,4.59,10.33
47,Kota_47,2019,651.26,499.27,425.58,402.52,831.73,800.73,54.51,271.63,70.48,4.41,12.15
47,Kota_47,2020,1137.4,861.28,479.82,244.67,486.72,1838.71,245.79,317.68,68.15,5.58,12.64
47,Kota_47,2021,1079.77,678.15,230.19,125.16,549.88,742.21,235.84,706.33,70.82,3.88,11.71
47,Kota_47,2022,654.79,510.82,349.39,248.92,603.73,1335.64,151.85,890.6,70.54,3.89,14.93
47,Kota_47,2023,1061.59,419.57,318.61,227.53,874.8,973.15,79.08,879.08,71.92,3.85,12.71
47,Kota_47,2024,635.63,401.94,618.46,357.12,1026.2,1918.73,222.98,309.1,70.98,4.54,11.49
48,Kota_48,2014,590.42,963.5,355.13,234.88,721.81,766.59,174.13,286.32,76.49,3.12,13.7
48,Kota_48,2015,1272.84,862.22,292.05,246.62,698.68,896.83,249.61,695.06,74.69,3.43,14.6
48,Kota_48,2016,621.37,990.15,668.41,256.1,862.85,1884.74,188.52,322.15,74.08,5.16,14.41
48,Kota_48,2017,1144.21,755.51,720.09,457.59,1135.83,823.3,186.03,718.36,75.66,5.03,14.8
48,Kota_48,2018,1220.11,360.3,478.29,169.59,669.98,723.51,150.08,584.91,74.45,4.66,15.55
48,Kota_48,2019,1336.29,450.82,272.29,440.61,525.29,1967.19,260.63,550.61,76.03,3.7,15.0
48,Kota_48,2020,565.63,684.59,554.52,361.09,604.53,1173.94,260.92,336.46,74.55,4.19,16.05
48,Kota_48,2021,1262.19,799.53,324.51,327.53,1094.18,1261.75,291.65,516.55,74.83,3.99,14.34
48,Kota_48,2022,1368.1,916.88,410.11,133.3,979.65,1104.97,245.73,509.86,75.56,5.1,14.35
48,Kota_48,2023,882.36,610.19,425.71,246.94,820.76,1751.44,140.44,566.98,73.69,4.98,14.83
48,Kota_48,2024,1223.53,704.03,588.63,111.72,894.48,1362.36,186.44,451.6,74.95,4.34,15.09
49,Kota_49,2014,537.57,802.03,522.86,303.48,594.5,1668.18,92.06,332.95,68.46,4.14,10.76
49,Kota_49,2015,1150.97,877.16,450.63,129.23,618.93,1974.01,199.06,696.82,69.32,4.49,9.35
49,Kota_49,2016,537.53,698.46,752.46,487.37,832.44,1295.67,286.25,671.53,70.16,3.95,9.6
49,Kota_49,2017,955.47,707.5,414.06,165.71,802.98,1779.26,216.0,436.86,68.83,4.9,10.37
49,Kota_49,2018,1467.86,922.89,560.32,312.02,422.27,1020.65,164.9,639.95,72.39,4.04,10.03
49,Kota_49,2019,588.14,589.57,650.1,377.36,1192.51,1061.26,174.55,430.67,68.5,5.05,9.76
49,Kota_49,2020,1184.21,917.71,322.11,449.34,447.81,1855.18,132.27,420.21,71.34,4.3,9.63
49,Kota_49,2021,1356.57,577.24,319.49,269.92,708.44,1890.04,240.48,553.58,70.15,4.5,9.92
49,Kota_49,2022,558.24,483.59,461.64,162.76,1158.05,1696.9,117.07,613.56,70.34,4.83,9.87
49,Kota_49,2023,1274.65,693.5,531.62,145.9,500.91,1388.39,117.22,214.73,71.62,4.57,12.21
49,Kota_49,2024,1468.81,638.95,238.16,320.68,1072.88,1995.9,157.59,424.21,69.26,5.71,9.57
50,Kota_50,2014,1448.79,487.63,686.88,122.14,830.5,791.72,283.51,736.45,68.23,4.57,15.04
50,Kota_50,2015,1147.52,978.26,628.37,469.86,813.71,852.18,182.04,288.81,68.14,5.35,14.9
50,Kota_50,2016,1450.5,568.53,454.62,385.88,883.03,1088.6,152.7,352.39,67.2,4.12,14.74
50,Kota_50,2017,721.78,846.33,320.71,132.03,779.56,712.96,71.19,765.34,68.5,4.03,15.17
50,Kota_50,2018,552.33,847.99,707.31,419.63,806.78,1002.77,261.33,709.01,69.11,3.8,14.17
50,Kota_50,2019,1292.54,430.84,240.0,499.42,419.85,1785.82,141.34,789.13,69.38,4.29,14.42
50,Kota_50,2020,1169.32,921.79,475.97,342.79,550.8,1746.46,291.83,388.02,68.39,3.88,14.86
50,Kota_50,2021,1059.14,651.95,286.66,276.83,667.28,1378.38,196.41,205.95,69.24,4.71,14.52
50,Kota_50,2022,1254.93,968.62,344.09,229.41,547.05,1450.02,88.71,449.34,68.52,4.44,16.6
50,Kota_50,2023,886.46,594.17,537.27,102.35,462.81,1845.64,69.47,694.76,68.13,4.48,15.78
50,Kota_50,2024,1381.71,959.33,643.74,134.65,935.32,1233.39,167.68,234.4,66.77,4.64,14.32
51,Kota_51,2014,884.02,898.08,649.4,208.93,494.0,1027.6,280.19,607.11,72.72,4.32,12.88
51,Kota_51,2015,1023.29,381.72,277.44,314.74,1149.26,1100.86,267.39,734.87,69.7,4.62,11.08
51,Kota_51,2016,699.67,559.89,501.02,390.19,490.58,1228.28,171.27,578.58,69.68,4.21,12.4
51,Kota_51,2017,1055.87,789.67,447.21,155.36,932.61,1382.07,209.84,436.6,71.34,4.53,12.63
51,Kota_51,2018,585.4,614.86,653.81,417.65,795.68,1863.17,116.92,487.42,70.9,4.78,10.93
51,Kota_51,2019,739.37,592.58,350.72,228.23,507.98,1085.03,193.07,509.3,69.61,4.58,11.06
51,Kota_51,2020,1393.51,829.75,399.2,397.78,521.58,869.41,136.41,765.39,69.23,4.21,12.75
51,Kota_51,2021,1155.44,463.23,718.64,223.75,955.31,720.96,143.16,446.2,72.89,3.74,11.83
51,Kota_51,2022,1290.13,452.45,606.22,421.28,849.5,1663.15,215.47,448.87,69.76,4.97,13.29
51,Kota_51,2023,878.96,511.94,475.61,427.19,1143.94,1408.61,215.37,832.29,70.64,4.52,11.25
51,Kota_51,2024,1208.9,876.62,714.22,266.04,471.47,1269.12,107.68,403.84,70.22,4.63,10.96
52,Kota_52,2014,1461.54,865.08,475.78,189.44,1146.76,1147.98,90.25,594.22,69.64,5.03,10.07
52,Kota_52,2015,977.11,996.19,607.5,129.63,1194.27,1230.26,121.85,590.52,68.72,4.44,10.27
52,Kota_52,2016,1499.21,500.79,368.27,163.9,531.25,1070.74,248.21,834.03,70.52,3.79,10.45
52,Kota_52,2017,612.84,909.02,581.66,165.89,743.87,1073.44,234.2,517.39,68.77,3.03,8.17
52,Kota_52,2018,1229.24,912.32,763.23,422.04,1080.46,1415.71,256.47,412.45,69.39,3.76,9.16
52,Kota_52,2019,967.39,499.91,776.97,225.14,478.44,1384.86,64.27,277.38,68.87,3.33,11.6
52,Kota_52,2020,1239.47,598.42,400.22,226.59,1019.2,767.69,53.21,756.88,68.93,3.65,9.75
52,Kota_52,2021,735.57,952.75,715.7,383.91,785.78,1376.42,293.81,876.04,69.73,4.04,9.3
52,Kota_52,2022,1176.09,583.5,758.93,135.6,809.22,1894.08,276.03,309.57,68.58,5.27,8.64
52,Kota_52,2023,659.39,977.62,748.85,166.78,496.92,811.03,277.36,335.54,67.76,2.71,9.59
52,Kota_52,2024,726.76,952.04,745.05,412.52,415.52,1125.11,206.99,392.63,69.28,4.01,10.96
53,Kota_53,2014,1457.77,354.4,519.42,221.35,714.27,933.55,194.52,870.59,65.74,4.04,14.69
53,Kota_53,2015,1355.93,604.27,315.7,176.44,1015.01,1045.26,241.81,344.12,67.79,4.14,14.65
53,Kota_53,2016,1443.2,952.21,324.12,243.29,519.52,1362.98,165.15,830.53,66.64,4.43,17.22
53,Kota_53,2017,1306.71,302.56,392.04,268.71,583.77,959.44,59.45,650.36,66.47,4.29,15.81
53,Kota_53,2018,1351.49,638.15,449.64,491.14,560.45,979.97,122.97,320.93,67.41,3.83,15.29
53,Kota_53,2019,1434.41,333.92,326.17,326.36,892.44,751.42,150.76,654.41,68.34,4.58,17.78
53,Kota_53,2020,820.56,365.46,456.27,151.5,1158.1,1317.72,129.31,736.41,64.31,4.57,16.8
53,Kota_53,2021,1173.01,332.88,539.79,405.32,509.2,997.27,270.62,214.09,66.69,3.82,18.41
53,Kota_53,2022,946.77,304.97,691.64,243.93,832.61,1580.49,225.66,869.19,63.93,4.83,16.51
53,Kota_53,2023,798.15,388.52,705.53,244.87,928.38,1312.06,99.73,621.18,66.7,4.33,15.95
53,Kota_53,2024,1046.61,605.23,649.2,431.17,1016.99,750.46,98.53,575.63,66.0,4.61,15.5
54,Kota_54,2014,1446.9,468.5,343.97,133.35,1142.81,1453.66,216.76,838.1,64.95,5.24,7.71
54,Kota_54,2015,538.8,430.74,698.75,406.71,680.51,1189.85,183.39,200.17,66.27,3.81,10.7
54,Kota_54,2016,779.67,434.06,502.56,446.26,593.08,802.1,139.1,723.36,66.52,4.53,9.72
54,Kota_54,2017,1459.59,854.86,562.28,297.34,432.06,1979.62,145.87,306.56,66.41,4.81,11.29
54,Kota_54,2018,945.73,885.28,358.98,279.45,830.15,1562.71,245.99,476.37,69.07,3.96,10.04
54,Kota_54,2019,1432.65,568.14,637.71,108.14,564.15,1333.21,269.56,569.08,67.49,4.51,8.37
54,Kota_54,2020,1302.66,472.88,739.77,464.33,1154.65,1376.3,219.27,744.96,67.39,4.75,8.34
54,Kota_54,2021,534.3,648.3,292.91,173.17,692.04,1262.17,205.79,252.1,65.75,4.19,11.81
54,Kota_54,2022,1056.71,816.81,401.37,406.04,746.21,1329.44,212.03,212.85,68.45,4.85,11.32
54,Kota_54,2023,809.85,360.06,254.56,469.29,951.42,865.23,139.18,614.74,67.53,4.06,9.69
54,Kota_54,2024,761.67,346.89,216.91,197.9,1105.19,1240.69,230.08,842.8,67.55,3.87,9.05
55,Kota_55,2014,1304.37,346.08,615.54,328.76,1125.97,859.23,183.51,815.62,70.45,3.05,16.13
55,Kota_55,2015,824.51,961.59,369.6,284.35,937.04,910.84,171.61,716.98,70.64,4.37,17.47
55,Kota_55,2016,1169.05,388.4,767.47,153.03,1019.74,1044.26,283.4,703.97,70.13,4.69,18.51
55,Kota_55,2017,1269.97,372.77,777.42,456.09,616.28,1769.59,179.58,523.26,69.95,4.76,14.77
55,Kota_55,2018,1229.89,587.65,577.53,379.73,968.9,767.56,264.94,520.78,70.15,3.76,17.54
55,Kota_55,2019,878.35,824.81,258.09,290.42,1193.35,1701.57,102.63,551.01,70.9,4.56,15.18
55,Kota_55,2020,1280.08,839.86,336.86,468.89,874.05,1193.9,175.48,623.55,70.51,5.71,15.13
55,Kota_55,2021,1312.73,679.23,278.65,406.46,1145.96,1931.5,142.25,294.86,71.12,4.38,16.71
55,Kota_55,2022,1433.99,428.51,351.66,262.65,706.53,1733.06,164.08,319.54,71.13,3.56,16.94
55,Kota_55,2023,1065.75,800.29,762.62,464.9,1156.86,1018.13,82.89,411.59,69.98,4.38,17.27
55,Kota_55,2024,509.31,609.68,227.64,317.55,670.84,1315.47,203.29,808.16,69.9,5.14,16.63
56,Kota_56,2014,1168.55,903.94,297.74,424.97,1082.72,1888.64,116.32,832.77,67.75,5.09,7.54
56,Kota_56,2015,550.51,330.72,632.22,277.79,605.03,947.54,217.49,200.28,67.8,3.35,7.86
56,Kota_56,2016,820.71,974.74,584.95,109.37,744.14,1837.51,125.36,266.19,68.41,4.8,11.36
56,Kota_56,2017,1070.31,337.5,284.3,349.02,566.26,1355.29,186.22,398.46,68.13,4.23,9.76
56,Kota_56,2018,660.71,984.79,295.11,294.99,691.3,1531.2,82.26,501.22,67.59,4.6,9.5
56,Kota_56,2019,540.59,939.61,699.8,219.03,1031.43,740.58,291.72,568.62,67.51,3.49,9.92
56,Kota_56,2020,942.74,964.24,347.6,312.83,785.88,1613.73,67.0,335.65,68.38,4.78,9.02
56,Kota_56,2021,689.14,701.44,329.15,444.65,1153.75,1374.04,138.08,363.84,68.93,5.66,9.78
56,Kota_56,2022,1193.86,642.53,507.55,207.11,763.96,1312.02,226.66,858.45,69.29,4.12,9.31
56,Kota_56,2023,996.3,681.12,301.06,404.19,1187.94,1929.51,99.28,812.75,68.21,5.82,10.69
56,Kota_56,2024,980.13,561.25,495.95,331.65,551.26,1871.18,218.55,643.29,68.7,4.49,8.79
57,Kota_57,2014,1027.31,581.95,553.29,135.69,744.79,927.22,296.78,592.81,65.84,4.66,9.31
57,Kota_57,2015,1149.86,317.29,686.16,314.63,622.57,780.09,90.62,826.52,65.24,3.34,10.53
57,Kota_57,2016,565.6,783.43,543.44,261.81,690.89,981.86,217.4,879.47,67.16,3.45,8.35
57,Kota_57,2017,754.15,877.59,491.15,317.36,643.81,936.35,71.48,699.88,64.81,4.29,8.93
57,Kota_57,2018,890.38,591.04,481.51,247.08,480.5,1102.52,215.93,666.05,66.56,3.04,9.33
57,Kota_57,2019,523.05,927.72,326.42,191.01,623.68,865.63,209.82,252.6,66.24,4.11,9.39
57,Kota_57,2020,839.66,795.56,534.45,202.41,920.66,851.16,184.1,506.0,67.62,3.41,8.54
57,Kota_57,2021,725.21,479.97,487.67,246.91,1131.05,1178.78,143.36,468.47,68.44,4.72,11.09
57,Kota_57,2022,1114.17,533.9,690.74,115.35,1096.64,1366.57,149.56,548.02,66.83,5.09,9.02
57,Kota_57,2023,939.47,647.43,442.19,371.46,736.72,1949.84,199.82,765.23,66.55,4.45,8.92
57,Kota_57,2024,836.85,698.64,716.67,131.34,458.06,1805.41,103.21,668.13,68.16,4.35,10.55
58,Kota_58,2014,1106.69,951.31,702.16,498.19,418.05,846.72,202.37,774.4,70.17,3.27,10.95
58,Kota_58,2015,1286.98,339.47,421.63,302.32,848.28,1647.2,138.71,628.88,71.17,5.62,10.47
58,Kota_58,2016,584.65,383.49,334.75,300.08,1072.35,1611.68,247.26,445.68,70.37,3.83,10.63
58,Kota_58,2017,691.87,342.85,554.55,495.69,533.46,760.69,244.88,376.81,70.16,4.24,12.02
58,Kota_58,2018,1161.97,625.4,578.35,279.84,550.91,1360.27,182.15,767.42,70.58,4.55,12.95
58,Kota_58,2019,613.39,804.43,500.18,457.64,1135.9,771.7,255.16,226.39,70.46,3.22,12.72
58,Kota_58,2020,508.35,418.02,548.48,385.76,1133.31,1617.15,217.94,476.04,68.93,5.71,12.52
58,Kota_58,2021,917.45,811.48,513.12,129.67,553.61,1792.0,231.23,826.33,68.93,4.6,12.63
58,Kota_58,2022,820.18,769.18,312.74,349.92,669.16,974.57,128.3,325.19,70.04,3.92,12.98
58,Kota_58,2023,745.28,613.89,392.32,397.77,1176.98,1269.44,265.26,596.1,70.25,4.15,14.15
58,Kota_58,2024,1389.69,608.3,740.71,400.27,790.88,1484.19,131.4,888.52,70.28,4.22,11.69
59,Kota_59,2014,556.33,316.72,470.01,233.08,750.64,1041.5,91.18,682.4,67.24,4.16,15.2
59,Kota_59,2015,572.23,403.22,243.95,424.93,1001.93,1679.31,229.08,668.57,67.02,5.74,13.99
59,Kota_59,2016,538.36,735.03,666.73,300.14,686.01,1060.65,210.7,684.96,68.47,4.51,14.69
59,Kota_59,2017,1382.84,669.47,510.58,331.15,999.45,1954.1,68.39,237.4,70.73,4.8,15.13
59,Kota_59,2018,1114.9,637.7,256.19,407.24,997.78,1105.21,126.56,786.49,69.66,3.6,14.29
59,Kota_59,2019,914.43,782.67,406.39,210.9,1197.35,1676.03,211.18,448.7,69.49,5.57,14.72
59,Kota_59,2020,1037.38,888.55,220.06,246.7,589.66,1281.45,68.09,867.89,69.4,4.09,14.81
59,Kota_59,2021,505.35,823.77,741.83,155.89,476.9,1251.94,283.42,579.67,68.94,3.44,14.52
59,Kota_59,2022,500.79,867.1,252.54,353.54,1131.69,971.25,216.32,255.09,67.73,4.57,13.76
59,Kota_59,2023,963.39,719.6,302.76,396.66,642.11,1561.08,89.57,681.68,70.1,4.19,13.19
59,Kota_59,2024,747.21,823.86,357.22,452.69,1113.46,955.37,203.46,261.4,70.5,3.98,15.75
60,Kota_60,2014,602.95,803.32,502.33,383.51,599.15,1121.77,133.55,218.02,69.95,4.59,12.12
60,Kota_60,2015,1397.3,662.75,473.3,112.33,1103.36,716.91,286.19,542.45,69.38,4.13,12.29
60,Kota_60,2016,1048.93,453.52,457.33,360.91,981.7,700.93,284.21,315.17,68.16,3.75,11.62
60,Kota_60,2017,537.82,386.14,791.81,226.09,492.24,839.09,229.86,798.2,68.09,3.35,12.4
60,Kota_60,2018,753.49,958.38,743.57,326.72,683.54,1195.49,152.96,709.31,67.02,4.71,12.15
60,Kota_60,2019,1444.09,535.16,536.42,138.02,560.38,1237.51,101.55,813.59,68.6,3.46,13.61
60,Kota_60,2020,883.07,908.37,540.99,275.8,453.79,1304.1,255.18,630.18,69.51,4.0,13.6
60,Kota_60,2021,618.46,309.55,381.93,379.2,1032.21,1084.48,173.91,494.78,66.83,4.13,12.19
60,Kota_60,2022,555.33,438.69,205.52,350.9,653.1,1965.09,98.43,442.08,67.92,5.65,14.42
60,Kota_60,2023,1153.78,570.94,588.33,117.91,443.24,1294.4,187.41,821.47,68.15,3.35,11.21
60,Kota_60,2024,650.5,652.5,680.99,276.61,792.49,1803.4,226.51,543.32,66.77,4.8,12.12
61,Kota_61,2014,769.12,862.19,226.49,496.84,504.28,1734.89,148.69,544.55,71.28,4.76,10.53
61,Kota_61,2015,502.35,471.36,608.35,148.51,491.01,1234.25,211.96,698.45,71.26,3.71,11.63
61,Kota_61,2016,1321.8,838.48,558.03,234.88,610.01,858.46,177.44,609.68,71.38,2.81,12.34
61,Kota_61,2017,1401.26,414.74,428.85,156.35,899.96,1647.53,282.98,395.21,70.29,4.24,11.21
61,Kota_61,2018,1393.77,670.87,601.61,432.63,520.25,750.17,269.72,420.45,71.64,3.25,10.65
61,Kota_61,2019,774.9,322.96,452.2,458.04,1186.12,1528.16,90.41,834.09,71.37,4.11,11.01
61,Kota_61,2020,1421.73,830.23,639.02,383.67,560.27,974.31,222.07,353.81,73.26,3.78,10.85
61,Kota_61,2021,1292.19,887.04,592.87,191.37,619.21,1109.29,79.2,391.21,73.24,3.94,9.67
61,Kota_61,2022,1408.44,373.14,632.16,374.91,476.6,1899.34,192.12,454.61,70.81,4.76,10.96
61,Kota_61,2023,1339.41,613.72,582.02,188.5,941.66,1703.91,168.3,632.41,71.71,5.08,10.82
61,Kota_61,2024,997.87,889.27,680.81,264.2,584.07,1227.91,256.55,359.34,73.02,4.14,12.54
62,Kota_62,2014,1294.38,369.28,362.83,442.04,677.18,1964.96,294.93,387.79,66.89,4.06,10.1
62,Kota_62,2015,1207.52,321.82,722.12,155.46,501.85,928.37,290.07,685.22,67.76,4.5,8.86
62,Kota_62,2016,980.65,686.28,579.06,202.85,1158.92,920.69,291.41,210.4,67.5,3.35,10.2
62,Kota_62,2017,949.12,699.47,461.35,265.94,986.18,1591.64,258.32,374.97,69.6,5.48,10.08
62,Kota_62,2018,813.78,399.29,328.28,142.21,946.46,1558.95,287.65,710.77,65.72,4.45,11.23
62,Kota_62,2019,1085.86,983.25,519.38,462.13,466.43,948.37,160.19,609.33,67.88,3.78,10.56
62,Kota_62,2020,698.54,646.38,645.39,408.16,799.69,1096.78,293.44,664.35,69.33,3.39,9.53
62,Kota_62,2021,1231.1,469.53,303.03,311.93,631.99,1517.58,79.48,658.46,67.89,4.52,10.57
62,Kota_62,2022,1470.9,561.52,608.88,125.41,717.0,1952.96,184.75,401.52,69.75,4.73,9.47
62,Kota_62,2023,1144.86,561.76,770.56,108.88,642.98,1897.39,130.23,376.58,69.56,4.53,9.72
62,Kota_62,2024,1212.01,569.47,441.38,413.32,1170.23,864.65,155.16,536.66,68.8,3.63,8.8
63,Kota_63,2014,936.21,436.36,689.62,421.02,789.11,1087.99,209.52,401.71,66.95,3.73,14.16
63,Kota_63,2015,741.0,955.29,512.1,245.93,1098.71,1213.49,133.75,345.1,65.81,3.73,14.02
63,Kota_63,2016,1177.3,502.71,546.32,126.36,553.03,1229.63,284.24,464.08,65.1,4.46,13.96
63,Kota_63,2017,674.01,832.53,209.5,323.12,703.57,1358.51,190.71,419.36,65.71,4.76,14.08
63,Kota_63,2018,1371.28,434.81,258.57,459.12,679.92,1416.71,139.89,288.06,67.09,5.5,14.64
63,Kota_63,2019,1296.95,713.3,258.15,319.21,962.19,1730.51,207.28,306.86,65.05,5.13,16.06
63,Kota_63,2020,524.43,588.22,399.77,367.76,572.91,1468.13,278.3,758.46,67.09,4.06,16.06
63,Kota_63,2021,585.6,428.42,655.04,108.79,1053.5,718.13,214.28,455.57,66.48,4.98,15.87
63,Kota_63,2022,842.48,375.57,241.79,335.57,816.52,1664.86,177.43,495.71,65.75,4.45,14.52
63,Kota_63,2023,1087.8,893.11,464.76,107.18,459.61,1363.51,292.36,685.25,67.23,4.34,15.14
63,Kota_63,2024,1117.69,751.1,217.0,431.41,1030.62,1036.75,227.17,350.4,65.87,3.83,15.18
64,Kota_64,2014,529.17,723.57,437.45,219.47,1093.55,1670.77,264.44,546.49,67.65,4.91,10.88
64,Kota_64,2015,706.07,608.86,239.0,430.12,500.75,1874.03,266.06,525.21,71.05,5.04,11.28
64,Kota_64,2016,1285.81,623.72,764.58,294.55,770.1,1720.59,255.39,588.14,72.01,4.41,10.05
64,Kota_64,2017,1468.07,827.09,686.7,113.13,774.29,1540.61,257.51,234.49,70.99,4.97,10.95
64,Kota_64,2018,781.93,671.6,231.01,163.41,1050.15,872.39,108.35,517.36,69.42,5.07,11.67
64,Kota_64,2019,947.33,852.91,571.01,145.24,525.07,1268.14,149.22,720.48,68.74,4.72,10.87
64,Kota_64,2020,1075.5,596.41,508.96,168.27,930.33,1808.3,114.48,544.06,69.94,4.24,11.65
64,Kota_64,2021,1106.02,362.74,775.54,386.27,1030.53,1615.34,197.43,514.94,71.23,4.63,12.56
64,Kota_64,2022,954.48,446.5,202.23,196.6,807.78,1193.95,162.12,886.45,72.79,3.92,9.21
64,Kota_64,2023,633.52,333.57,665.25,328.27,1008.56,894.82,192.96,377.55,69.82,3.87,10.95
64,Kota_64,2024,699.08,711.39,238.43,444.97,1169.2,1020.77,162.52,215.49,70.01,3.9,13.6
65,Kota_65,2014,1154.02,591.35,307.8,375.64,852.06,1816.27,79.37,749.97,67.76,4.76,10.24
65,Kota_65,2015,1444.98,399.13,585.7,252.79,1165.45,1128.97,290.55,831.04,70.4,4.91,10.01
65,Kota_65,2016,1495.6,476.86,462.07,308.07,635.94,719.84,105.03,397.36,67.39,3.76,11.31
65,Kota_65,2017,585.2,755.06,592.19,482.49,402.42,1022.31,281.95,852.49,69.0,4.3,11.66
65,Kota_65,2018,591.48,659.71,338.95,172.49,1048.24,875.55,167.16,857.0,68.28,4.35,10.36
65,Kota_65,2019,924.49,516.53,368.38,488.89,522.69,1653.33,50.1,617.33,67.44,4.13,11.41
65,Kota_65,2020,685.53,756.18,627.56,375.21,655.45,1027.86,288.98,846.31,69.54,3.96,8.64
65,Kota_65,2021,656.76,598.48,522.45,109.0,755.29,1715.76,220.01,644.61,66.87,5.18,11.29
65,Kota_65,2022,1041.34,526.73,281.75,455.03,776.61,1841.55,196.46,671.93,69.0,5.09,11.21
65,Kota_65,2023,1303.05,561.56,432.87,138.28,1131.67,818.35,212.05,489.24,66.08,5.16,10.04
65,Kota_65,2024,567.09,715.59,663.22,431.29,536.42,1866.64,214.04,817.3,71.21,3.85,9.2
66,Kota_66,2014,786.87,488.01,716.64,127.94,942.09,924.67,136.13,243.08,69.13,4.66,11.93
66,Kota_66,2015,1385.02,455.07,478.13,288.13,1098.86,1691.64,178.27,669.52,70.63,4.63,12.52
66,Kota_66,2016,1029.64,543.44,512.31,362.15,734.69,1628.4,265.31,308.28,71.33,3.29,11.41
66,Kota_66,2017,1187.46,474.91,584.15,451.0,734.51,1884.32,298.29,274.26,70.92,4.53,12.61
66,Kota_66,2018,777.03,903.63,370.08,374.7,939.38,987.94,58.7,486.47,69.42,4.69,11.92
66,Kota_66,2019,1300.36,619.92,563.91,341.7,1061.73,1252.5,118.86,385.52,67.48,5.31,11.58
66,Kota_66,2020,1218.6,449.62,318.17,265.1,582.22,1459.02,142.87,514.24,69.59,3.48,12.56
66,Kota_66,2021,655.75,916.3,460.23,264.84,428.49,1347.37,188.54,591.19,68.76,4.3,13.24
66,Kota_66,2022,1447.17,395.15,498.59,185.67,448.06,1123.15,85.92,696.95,69.22,3.34,12.29
66,Kota_66,2023,509.24,865.71,305.72,342.49,669.54,1461.13,128.91,260.86,68.9,3.98,14.64
66,Kota_66,2024,763.81,308.45,511.36,342.3,1170.3,1466.31,167.79,601.38,68.59,4.11,11.7
67,Kota_67,2014,1244.05,652.25,240.68,389.43,1044.78,1076.35,216.03,498.61,70.44,4.5,13.3
67,Kota_67,2015,813.25,827.57,332.04,255.41,1092.58,1641.75,150.95,350.32,69.39,4.02,12.65
67,Kota_67,2016,676.09,820.33,351.24,281.67,708.69,1976.7,147.77,255.99,68.47,4.15,12.18
67,Kota_67,2017,931.84,337.75,509.93,301.9,519.64,834.99,80.89,270.72,70.03,3.21,14.02
67,Kota_67,2018,751.43,421.5,774.7,441.85,584.4,1125.84,102.47,544.31,69.12,4.06,13.85
67,Kota_67,2019,1291.96,389.03,439.14,168.06,603.78,1042.22,189.06,487.99,67.96,3.66,14.47
67,Kota_67,2020,643.08,900.52,385.32,363.54,853.15,1313.28,173.95,712.57,68.57,4.02,13.78
67,Kota_67,2021,937.28,582.48,282.18,302.71,501.24,1319.61,240.9,380.79,67.61,4.18,13.48
67,Kota_67,2022,1186.65,888.95,448.91,407.14,432.41,859.78,100.77,481.37,68.15,4.26,14.64
67,Kota_67,2023,1086.18,550.07,546.23,236.91,467.1,1990.65,81.8,250.64,69.35,4.19,14.24
67,Kota_67,2024,1150.3,530.3,434.87,204.85,674.44,1233.91,230.1,558.08,71.08,4.21,14.42
68,Kota_68,2014,519.04,812.72,759.87,362.88,751.22,758.35,280.03,529.21,68.24,3.45,16.43
68,Kota_68,2015,714.27,345.14,544.58,348.81,804.59,1762.23,265.25,630.94,69.47,3.55,15.04
68,Kota_68,2016,1417.1,393.78,602.91,101.74,1139.72,846.26,73.72,433.11,69.59,3.71,15.73
68,Kota_68,2017,1085.12,610.04,220.51,227.86,1048.35,1596.61,231.22,688.68,67.58,4.49,16.97
68,Kota_68,2018,1480.47,645.69,205.82,156.02,657.66,1452.16,68.77,860.35,67.89,4.61,15.73
68,Kota_68,2019,1280.52,828.81,564.03,350.71,910.4,1517.34,188.43,890.49,69.26,4.85,15.69
68,Kota_68,2020,583.8,638.03,508.45,431.67,755.03,1442.11,181.77,226.74,68.37,4.89,17.08
68,Kota_68,2021,657.5,716.03,556.17,165.67,498.77,1974.07,148.43,359.2,68.54,3.89,18.17
68,Kota_68,2022,588.01,925.47,433.56,225.35,769.89,1207.09,265.89,850.48,69.31,4.6,15.82
68,Kota_68,2023,1281.52,951.57,347.45,330.78,619.64,1771.32,51.33,595.37,67.17,3.8,17.18
68,Kota_68,2024,1109.2,897.22,358.76,307.8,760.43,715.14,189.2,663.07,68.73,4.73,16.81
69,Kota_69,2014,616.45,717.53,364.99,131.86,743.68,1420.62,132.19,704.3,69.94,4.9,10.59
69,Kota_69,2015,1137.45,687.4,206.83,378.6,700.83,1925.39,254.5,611.39,72.81,4.13,9.11
69,Kota_69,2016,840.38,633.6,377.64,305.97,532.3,1971.03,76.98,852.36,71.44,4.84,9.21
69,Kota_69,2017,1130.03,538.4,380.7,331.29,798.5,1453.4,121.67,456.87,73.17,4.26,9.75
69,Kota_69,2018,603.77,869.05,223.32,363.58,618.05,1833.01,171.25,413.9,69.0,4.59,9.08
69,Kota_69,2019,1496.99,597.89,408.94,384.08,691.12,1783.26,163.57,703.69,71.86,4.02,10.28
69,Kota_69,2020,645.29,521.4,785.64,202.73,764.9,739.03,149.31,599.92,71.27,4.29,10.11
69,Kota_69,2021,540.79,520.51,545.33,480.24,1087.3,996.86,105.03,340.82,72.5,4.1,11.49
69,Kota_69,2022,1004.38,625.03,352.04,302.01,424.4,871.35,271.65,726.18,72.06,2.45,11.09
69,Kota_69,2023,1284.19,834.3,633.57,181.8,670.38,1310.8,132.7,728.46,70.95,3.76,9.24
69,Kota_69,2024,899.04,985.94,335.53,344.86,746.38,792.33,171.97,691.52,72.64,4.01,9.3
70,Kota_70,2014,1076.41,854.4,394.59,386.47,508.34,1078.68,86.18,767.86,75.0,4.31,11.23
70,Kota_70,2015,1443.3,669.44,524.02,284.41,660.71,1318.35,200.7,890.19,75.27,4.68,12.72
70,Kota_70,2016,892.95,973.23,449.47,340.43,967.84,1935.77,111.15,722.29,75.5,3.87,12.41
70,Kota_70,2017,1276.61,686.56,596.58,229.16,785.02,1502.56,151.23,338.86,75.29,4.66,11.81
70,Kota_70,2018,855.13,585.02,445.52,317.67,834.78,1346.3,83.7,547.25,76.58,4.31,12.34
70,Kota_70,2019,1432.65,723.47,595.69,260.72,1127.18,1529.31,242.29,457.99,75.11,4.81,11.34
70,Kota_70,2020,770.91,898.79,219.13,130.44,619.13,959.83,107.96,758.56,74.11,3.92,12.28
70,Kota_70,2021,929.32,585.52,268.37,370.46,961.68,1637.16,232.12,200.04,75.78,5.5,12.52
70,Kota_70,2022,1099.29,633.44,759.71,130.43,800.9,1593.04,247.98,608.11,75.82,4.36,11.61
70,Kota_70,2023,523.46,530.59,522.12,464.32,1077.24,865.75,73.26,612.49,73.12,4.41,13.34
70,Kota_70,2024,883.95,815.77,485.57,149.03,1142.35,1290.33,233.62,457.02,74.91,5.54,12.4
71,Kota_71,2014,1198.64,792.76,495.51,465.95,791.36,1285.34,99.85,415.36,69.39,4.07,14.09
71,Kota_71,2015,1270.81,529.05,345.32,167.62,1019.89,868.62,163.44,554.85,68.14,4.76,16.23
71,Kota_71,2016,1310.72,331.33,377.86,212.05,516.81,1075.93,127.44,565.32,68.02,4.72,13.85
71,Kota_71,2017,790.28,678.83,214.23,131.92,734.38,1925.79,230.38,261.69,70.26,4.79,15.85
71,Kota_71,2018,1110.95,874.21,442.47,188.6,809.62,1413.49,184.58,595.55,69.49,4.51,14.78
71,Kota_71,2019,1346.53,653.62,648.82,155.58,601.93,1651.31,91.18,445.95,67.54,3.9,13.56
71,Kota_71,2020,1208.32,557.49,533.16,139.97,1044.01,1180.86,212.13,707.77,69.48,4.31,13.51
71,Kota_71,2021,682.34,959.61,653.04,183.21,670.17,1752.58,223.92,736.05,71.02,5.28,14.37
71,Kota_71,2022,886.49,447.88,579.61,490.41,648.48,1299.26,218.5,579.05,69.43,4.47,15.47
71,Kota_71,2023,1151.2,899.4,267.43,239.1,1101.14,962.15,69.56,751.68,69.68,4.2,15.01
71,Kota_71,2024,1354.35,780.74,512.05,432.1,735.4,952.19,121.21,553.61,70.73,4.14,15.15
72,Kota_72,2014,550.06,911.54,245.33,198.68,956.26,1232.28,269.08,408.59,74.81,3.44,12.26
72,Kota_72,2015,1034.87,913.62,747.49,206.39,769.71,1413.89,287.28,899.03,74.47,3.87,10.57
72,Kota_72,2016,988.33,315.8,612.16,217.6,847.91,1091.19,91.78,485.02,73.18,4.33,9.34
72,Kota_72,2017,698.83,655.88,294.43,368.39,1003.15,843.51,166.95,249.61,71.91,4.54,12.91
72,Kota_72,2018,1424.35,684.36,549.8,260.66,1159.26,1710.34,121.35,790.95,76.59,5.4,10.3
72,Kota_72,2019,1322.89,432.21,620.68,216.26,637.99,1085.25,231.39,360.88,73.03,3.38,10.28
72,Kota_72,2020,1470.57,801.24,393.92,227.48,758.83,1514.12,86.59,332.25,73.83,4.15,11.48
72,Kota_72,2021,880.19,909.89,597.89,236.68,946.96,725.59,233.91,540.91,71.37,4.22,12.81
72,Kota_72,2022,1384.0,444.89,750.92,426.07,1183.08,1844.33,119.98,274.17,73.32,4.7,10.3
72,Kota_72,2023,1114.18,863.02,739.55,349.5,404.51,942.21,74.93,454.33,73.11,3.8,9.82
72,Kota_72,2024,1147.07,624.99,497.19,271.08,1164.82,979.16,179.17,715.21,73.13,4.8,10.79
73,Kota_73,2014,588.52,726.3,372.93,164.12,835.63,1392.0,68.97,688.75,68.19,4.6,14.83
73,Kota_73,2015,1029.44,576.84,393.4,344.16,1151.29,1573.27,68.69,522.48,69.28,5.22,12.63
73,Kota_73,2016,918.38,608.6,580.55,409.79,427.03,1471.1,96.68,442.16,69.05,3.02,12.39
73,Kota_73,2017,645.63,323.41,482.15,481.78,492.54,1930.14,233.34,646.25,68.92,4.89,13.53
73,Kota_73,2018,606.92,653.33,618.25,334.73,1066.22,793.95,222.68,573.82,67.82,3.67,13.98
73,Kota_73,2019,996.18,877.31,441.29,140.96,449.2,766.73,145.04,436.07,69.89,4.23,13.98
73,Kota_73,2020,550.85,454.79,364.56,319.04,515.61,874.12,285.95,762.94,68.88,3.24,14.19
73,Kota_73,2021,1010.21,389.49,643.4,258.76,610.34,1188.15,174.44,440.18,68.86,3.8,11.67
73,Kota_73,2022,519.17,840.75,302.57,117.56,922.96,1706.12,253.46,545.46,70.04,4.18,12.13
73,Kota_73,2023,1403.41,373.06,789.61,444.1,950.32,1920.37,230.58,333.32,70.45,4.34,12.95
73,Kota_73,2024,889.66,819.12,431.87,232.12,876.28,1833.87,61.9,469.83,70.04,4.19,13.42
74,Kota_74,2014,1436.35,312.97,462.67,108.65,786.87,1351.36,130.42,292.51,67.97,5.06,9.88
74,Kota_74,2015,1282.4,671.53,553.9,180.25,629.86,910.46,112.32,357.42,71.49,4.38,12.06
74,Kota_74,2016,1060.24,478.5,357.53,115.7,644.36,1667.98,61.88,353.51,69.08,4.83,11.73
74,Kota_74,2017,955.32,788.65,432.77,163.97,718.52,1453.96,287.01,248.13,66.59,4.35,10.69
74,Kota_74,2018,813.03,873.91,532.37,280.23,628.42,1087.46,145.78,784.9,68.63,4.01,11.28
74,Kota_74,2019,893.35,892.59,456.14,320.81,584.75,1666.55,183.0,766.32,67.99,4.63,11.68
74,Kota_74,2020,846.11,420.83,201.58,280.36,681.95,1421.38,97.01,801.77,69.1,3.84,10.03
74,Kota_74,2021,980.71,649.2,329.05,208.74,535.76,1634.0,242.52,523.63,69.61,4.7,10.43
74,Kota_74,2022,686.17,387.96,283.03,399.26,775.72,1717.81,236.56,623.23,68.9,5.0,9.54
74,Kota_74,2023,509.34,323.08,711.13,373.61,612.3,1594.35,248.11,414.76,67.48,4.14,12.72
74,Kota_74,2024,721.65,488.64,345.63,496.67,557.92,1448.18,281.32,302.83,68.37,4.05,11.5
75,Kota_75,2014,1486.03,426.3,659.62,235.52,540.5,1247.79,248.46,525.39,72.42,4.06,16.91
75,Kota_75,2015,865.24,574.95,617.38,475.15,833.89,1698.92,72.3,347.81,70.57,4.31,15.59
75,Kota_75,2016,752.85,662.18,208.98,205.82,811.22,1445.09,281.44,651.74,72.69,4.3,14.77
75,Kota_75,2017,630.84,773.07,535.93,415.87,991.04,1512.77,296.6,573.51,72.56,4.95,14.77
75,Kota_75,2018,1457.11,787.76,557.62,284.15,691.53,1158.91,209.09,725.89,71.36,4.44,16.61
75,Kota_75,2019,975.7,675.64,662.68,364.51,727.48,1864.04,90.64,896.86,72.07,4.37,15.61
75,Kota_75,2020,1229.7,867.71,715.39,496.64,635.23,1623.32,78.85,484.77,71.92,4.83,15.49
75,Kota_75,2021,1145.95,981.03,233.44,329.58,1090.42,1325.8,69.63,592.38,74.91,4.07,14.88
75,Kota_75,2022,1349.03,665.12,759.97,422.41,954.38,706.53,156.96,338.24,72.43,3.2,14.61
75,Kota_75,2023,1099.1,362.25,234.9,248.9,976.53,1421.25,155.72,596.03,71.36,4.78,15.16
75,Kota_75,2024,554.9,771.37,734.77,421.55,547.23,1084.7,229.26,258.99,72.53,4.41,15.25
76,Kota_76,2014,1330.92,329.12,213.87,249.2,519.03,1425.9,279.34,474.04,73.26,4.45,14.44
76,Kota_76,2015,596.95,724.49,470.9,475.39,498.02,975.64,57.39,503.75,73.42,3.69,16.5
76,Kota_76,2016,1031.91,364.3,467.01,499.8,1068.18,1861.5,255.81,272.13,74.3,4.46,14.61
76,Kota_76,2017,972.79,773.99,724.7,399.69,1150.87,770.07,53.04,662.94,71.97,3.88,13.48
76,Kota_76,2018,1011.44,608.1,507.46,369.09,709.7,1026.7,91.55,444.63,72.04,4.51,15.63
76,Kota_76,2019,1166.91,463.82,552.85,328.28,787.41,1414.97,172.95,595.82,72.35,4.5,14.09
76,Kota_76,2020,566.63,983.26,774.2,124.17,754.6,942.12,171.34,781.12,73.25,4.15,15.2
76,Kota_76,2021,853.91,722.33,387.2,463.93,1096.32,1425.7,131.2,405.37,70.96,4.32,16.23
76,Kota_76,2022,624.61,900.36,738.51,478.68,717.99,982.28,143.41,433.04,72.73,4.26,13.77
76,Kota_76,2023,976.62,905.99,219.27,357.55,1010.36,1687.33,271.52,710.32,72.82,4.92,14.31
76,Kota_76,2024,506.96,468.09,260.48,204.08,541.63,737.08,277.33,205.76,72.62,3.46,15.61
77,Kota_77,2014,1153.9,770.56,203.2,493.95,1102.27,1863.64,214.81,441.35,74.69,5.11,15.58
77,Kota_77,2015,1421.96,398.54,334.94,323.25,1011.27,1505.16,108.03,200.66,75.13,4.47,17.94
77,Kota_77,2016,1403.77,586.89,514.96,290.85,758.1,1707.75,181.69,421.7,73.62,4.68,16.84
77,Kota_77,2017,1181.21,826.51,502.15,457.62,1149.07,1749.58,208.9,412.6,74.1,4.66,15.11
77,Kota_77,2018,556.84,984.95,553.06,322.78,924.64,1346.13,58.02,628.62,74.16,5.23,15.76
77,Kota_77,2019,721.28,412.99,423.2,438.8,1062.33,1197.67,197.28,704.57,75.38,4.12,15.92
77,Kota_77,2020,1472.1,732.29,788.85,235.1,962.43,989.38,115.3,558.33,74.22,4.01,16.24
77,Kota_77,2021,594.24,420.19,261.52,345.04,475.37,1680.57,55.13,374.56,76.48,4.38,17.28
77,Kota_77,2022,572.97,874.79,495.82,438.71,880.59,1586.38,298.38,362.63,74.05,5.6,17.04
77,Kota_77,2023,1067.16,687.4,219.11,287.72,1139.7,1216.87,206.23,745.87,74.1,4.57,17.8
77,Kota_77,2024,1357.95,573.96,733.22,196.09,624.17,769.06,248.9,491.94,74.3,3.51,18.51
78,Kota_78,2014,1415.48,387.93,451.07,237.82,798.52,1294.92,179.72,297.94,71.58,3.47,12.58
78,Kota_78,2015,684.33,345.38,657.59,270.98,901.31,1645.87,219.83,529.35,68.67,3.84,12.47
78,Kota_78,2016,1349.13,912.29,302.34,154.49,904.32,1091.59,54.64,822.05,73.04,4.75,12.94
78,Kota_78,2017,701.46,463.94,512.76,168.84,644.35,1117.9,89.91,343.63,69.74,4.31,12.76
78,Kota_78,2018,1475.98,531.85,271.19,328.15,1125.08,1719.28,205.63,420.54,70.41,4.32,12.49
78,Kota_78,2019,1178.95,807.57,779.02,204.16,414.77,1409.29,226.7,753.29,70.04,3.64,10.18
78,Kota_78,2020,1360.51,631.63,679.75,332.25,1018.47,1132.47,257.85,392.2,70.83,3.65,12.69
78,Kota_78,2021,975.53,522.72,360.02,486.79,528.06,1723.52,296.04,213.93,69.39,4.71,12.59
78,Kota_78,2022,1435.22,308.24,552.73,300.56,1098.71,809.2,220.38,676.08,70.09,4.5,12.4
78,Kota_78,2023,1323.09,329.38,482.65,259.18,648.12,1286.74,146.05,502.63,70.5,4.57,13.49
78,Kota_78,2024,860.46,601.3,445.71,249.89,1140.42,1777.61,77.25,275.69,70.83,4.36,12.52
79,Kota_79,2014,1022.37,305.05,389.96,370.88,787.23,1971.75,268.53,451.35,72.7,4.14,10.34
79,Kota_79,2015,1408.26,516.64,785.85,212.5,1162.75,769.61,227.32,572.48,72.38,3.55,10.2
79,Kota_79,2016,1205.6,433.57,531.71,201.3,1164.5,737.22,99.93,369.62,70.52,4.07,11.61
79,Kota_79,2017,1212.06,705.97,253.4,377.6,533.13,1722.28,112.51,491.93,72.05,4.75,10.06
79,Kota_79,2018,626.54,695.95,285.24,381.92,1124.06,1264.99,172.02,849.2,70.01,6.03,12.11
79,Kota_79,2019,606.88,874.78,461.3,128.94,1028.95,1190.03,75.09,643.65,72.57,4.18,11.64
79,Kota_79,2020,1101.55,724.42,419.02,461.79,802.58,1304.22,299.38,545.45,72.09,3.63,10.99
79,Kota_79,2021,1288.58,795.62,352.53,444.83,1114.75,952.4,82.61,882.92,72.79,4.42,11.14
79,Kota_79,2022,1146.4,681.75,230.72,398.2,804.27,1542.02,175.66,544.27,71.5,4.01,10.03
79,Kota_79,2023,1472.98,407.18,361.56,336.24,888.14,900.17,248.43,749.64,71.64,3.77,9.2
79,Kota_79,2024,1437.99,877.97,618.68,132.89,734.61,1427.09,96.85,513.76,70.61,4.78,10.9
80,Kota_80,2014,603.58,886.41,291.65,133.17,913.42,1313.52,276.97,454.23,69.34,4.39,14.36
80,Kota_80,2015,955.95,541.1,616.24,403.82,1082.39,1964.71,116.66,701.27,70.55,4.37,16.14
80,Kota_80,2016,1228.9,966.74,700.98,461.16,1051.54,1296.91,112.95,459.22,69.23,4.5,15.62
80,Kota_80,2017,1005.06,667.68,784.42,464.58,529.37,1179.55,155.99,452.37,69.12,4.73,17.21
80,Kota_80,2018,1305.93,392.55,628.35,274.17,635.72,765.02,171.81,448.81,69.28,4.31,14.94
80,Kota_80,2019,1269.49,471.35,229.67,439.5,407.97,1918.25,206.9,425.29,68.53,4.09,14.91
80,Kota_80,2020,1028.63,713.08,378.83,114.03,429.8,734.25,234.78,422.61,69.41,3.55,17.48
80,Kota_80,2021,953.0,659.02,627.82,209.4,497.27,1422.87,131.74,509.74,68.89,5.21,16.87
80,Kota_80,2022,1239.8,794.16,520.51,371.56,1098.85,1261.95,153.19,734.97,71.36,4.15,15.96
80,Kota_80,2023,1392.11,321.55,649.04,403.52,1162.49,770.37,199.21,499.49,68.42,4.18,15.04
80,Kota_80,2024,604.55,728.74,642.77,406.91,1124.3,1232.31,288.27,805.8,71.53,4.1,15.47
81,Kota_81,2014,1075.72,708.37,649.99,303.96,483.86,1815.78,127.44,879.91,70.02,4.17,12.33
81,Kota_81,2015,1350.3,603.85,757.11,336.12,904.01,1799.04,124.2,447.99,70.15,4.7,12.33
81,Kota_81,2016,909.84,993.56,483.37,321.53,823.82,1118.26,68.76,826.96,69.83,4.38,12.95
81,Kota_81,2017,909.14,477.81,715.84,380.08,838.19,1492.44,72.77,531.74,71.28,4.13,11.98
81,Kota_81,2018,1161.3,937.88,442.25,183.1,919.0,1832.54,237.08,808.13,71.94,4.77,11.92
81,Kota_81,2019,889.55,657.91,757.45,449.72,507.62,924.63,139.41,403.52,69.15,4.27,12.9
81,Kota_81,2020,1462.29,757.52,702.9,310.08,566.66,1382.09,188.77,719.72,69.8,3.52,12.67
81,Kota_81,2021,943.94,828.57,650.49,206.22,857.5,1862.59,168.8,861.58,70.04,4.73,13.49
81,Kota_81,2022,882.36,954.19,459.27,315.53,756.89,1434.26,167.63,233.58,70.03,4.83,11.73
81,Kota_81,2023,503.39,471.7,622.75,139.68,1127.11,979.53,101.15,327.06,70.06,4.54,13.78
81,Kota_81,2024,688.2,499.69,485.56,481.74,597.88,1651.14,159.86,408.49,69.13,4.26,12.09
82,Kota_82,2014,1455.1,435.11,729.65,423.79,1174.29,1321.26,231.85,459.5,73.9,4.48,8.48
82,Kota_82,2015,665.75,987.43,257.75,335.68,901.17,1399.5,215.55,281.33,71.23,4.65,9.26
82,Kota_82,2016,511.15,469.63,607.27,192.44,807.2,1854.16,223.44,476.24,72.07,4.2,7.9
82,Kota_82,2017,677.04,743.8,418.49,440.95,1005.24,1493.67,141.05,346.95,72.81,5.32,9.44
82,Kota_82,2018,665.4,844.01,337.39,310.66,761.24,1453.49,269.29,807.42,72.33,4.17,9.75
82,Kota_82,2019,926.44,724.34,534.66,360.53,523.26,1540.5,95.66,725.37,74.27,3.7,9.65
82,Kota_82,2020,1205.03,458.81,677.17,352.31,870.05,1159.61,170.61,618.14,72.48,5.22,9.49
82,Kota_82,2021,933.7,441.59,328.36,102.32,640.77,1673.59,248.54,341.73,72.9,4.64,10.27
82,Kota_82,2022,1222.43,359.53,331.99,103.53,972.9,1147.77,246.66,437.26,73.49,4.24,10.08
82,Kota_82,2023,673.37,538.61,445.09,239.48,1010.92,826.04,137.8,786.07,71.92,3.5,10.27
82,Kota_82,2024,1144.37,830.26,270.79,433.28,964.5,1450.54,272.43,690.21,74.54,4.34,8.36
83,Kota_83,2014,1454.64,390.0,618.48,302.49,420.51,1902.17,262.96,566.98,70.39,4.13,8.28
83,Kota_83,2015,1006.69,976.49,544.97,455.97,920.7,1317.82,263.65,529.96,70.09,4.19,10.48
83,Kota_83,2016,628.81,898.72,552.45,455.64,1150.26,769.72,175.24,462.48,71.84,4.57,10.38
83,Kota_83,2017,1208.73,394.1,688.44,342.44,1159.63,1141.39,77.04,554.55,68.98,3.37,10.12
83,Kota_83,2018,565.84,735.52,551.13,212.35,1128.18,1095.34,162.43,580.63,69.82,4.35,11.32
83,Kota_83,2019,1013.65,786.18,233.29,213.82,1055.38,803.86,263.87,264.33,69.13,4.03,11.0
83,Kota_83,2020,1112.21,407.02,239.7,186.38,502.28,1106.13,178.6,612.13,71.27,4.52,8.26
83,Kota_83,2021,973.81,590.16,705.3,192.0,404.58,1546.72,100.62,823.08,72.42,4.09,8.6
83,Kota_83,2022,1109.22,492.44,630.08,337.97,659.86,732.98,237.54,350.33,70.41,4.49,10.89
83,Kota_83,2023,1363.62,560.06,325.33,410.06,746.46,949.65,276.11,338.67,71.06,4.83,10.94
83,Kota_83,2024,811.04,524.01,403.7,372.06,446.51,1907.85,105.63,899.77,71.06,4.0,11.19
84,Kota_84,2014,815.06,666.57,491.22,241.56,1113.16,915.64,87.38,603.84,70.47,3.8,16.72
84,Kota_84,2015,890.72,962.59,347.97,367.34,992.12,1282.57,284.38,715.66,73.71,3.74,16.85
84,Kota_84,2016,1378.7,549.82,379.93,185.54,430.23,755.92,267.51,674.88,73.14,4.28,17.51
84,Kota_84,2017,1349.22,636.19,722.25,243.78,1141.37,1608.25,114.29,594.86,70.38,4.77,14.32
84,Kota_84,2018,552.35,964.06,584.89,450.77,940.84,1164.08,178.17,673.02,72.06,4.59,16.39
84,Kota_84,2019,897.88,967.11,621.67,116.8,1125.5,1329.81,165.08,596.53,71.3,3.98,17.73
84,Kota_84,2020,1298.77,961.63,565.1,201.85,1139.32,1707.91,193.61,686.95,71.02,4.87,16.36
84,Kota_84,2021,868.37,799.12,224.17,254.57,725.06,916.89,55.77,293.37,72.43,4.32,17.0
84,Kota_84,2022,667.04,802.35,652.99,135.59,1089.0,1757.04,58.35,263.76,71.37,4.68,16.06
84,Kota_84,2023,1009.29,672.64,360.6,464.64,694.61,759.22,125.06,571.78,69.77,3.62,16.33
84,Kota_84,2024,1496.15,530.68,428.97,347.22,974.75,1209.64,276.23,592.0,71.29,5.41,15.27
85,Kota_85,2014,540.01,532.62,482.33,225.81,960.15,1774.15,232.84,892.53,75.63,4.47,14.91
85,Kota_85,2015,1234.12,372.85,673.6,312.93,633.83,1552.51,210.4,346.64,76.56,4.25,15.29
85,Kota_85,2016,1069.51,913.62,756.93,311.52,1003.04,1271.09,236.52,343.36,76.86,3.75,15.45
85,Kota_85,2017,947.94,895.9,665.39,215.26,659.18,1582.54,190.8,313.56,76.5,4.63,15.55
85,Kota_85,2018,1188.17,990.18,660.21,476.79,572.95,1702.93,55.05,669.53,73.4,4.1,15.59
85,Kota_85,2019,867.83,590.96,699.22,223.94,1154.44,933.52,215.68,670.47,74.92,3.98,14.47
85,Kota_85,2020,1334.8,833.26,397.46,313.58,449.34,971.37,171.46,260.18,76.02,4.23,15.92
85,Kota_85,2021,1440.4,688.16,560.13,490.79,913.7,740.02,230.95,833.83,75.85,4.29,16.68
85,Kota_85,2022,1171.3,993.13,254.4,366.9,626.72,1532.12,201.91,307.42,76.03,3.64,15.41
85,Kota_85,2023,1335.25,528.96,492.84,476.46,581.72,1206.51,201.61,728.74,74.8,3.72,16.17
85,Kota_85,2024,524.81,568.64,284.93,384.16,928.9,757.16,259.15,374.12,76.89,3.74,14.27
86,Kota_86,2014,1264.85,940.62,448.1,269.43,962.1,1925.6,116.77,508.1,64.66,4.97,13.75
86,Kota_86,2015,610.59,739.41,312.05,304.09,823.28,1839.06,165.62,395.61,66.72,4.41,12.48
86,Kota_86,2016,687.17,841.31,484.62,240.46,688.88,1807.88,188.44,702.51,65.11,4.62,12.39
86,Kota_86,2017,524.88,563.78,737.48,209.85,618.47,1093.41,203.08,506.83,66.67,4.19,11.64
86,Kota_86,2018,1432.68,485.15,289.94,135.99,850.71,847.89,84.69,410.02,67.19,4.47,10.96
86,Kota_86,2019,1316.75,832.94,357.49,198.12,1172.63,710.71,269.93,339.81,66.49,4.51,14.34
86,Kota_86,2020,1087.67,522.56,532.3,392.28,433.87,714.56,164.52,292.29,65.9,3.15,13.32
86,Kota_86,2021,932.85,438.37,529.09,146.42,418.49,766.47,288.56,299.6,65.93,3.81,12.74
86,Kota_86,2022,964.87,966.11,766.9,411.84,881.68,1291.45,139.04,862.96,65.54,5.06,14.16
86,Kota_86,2023,731.9,332.69,767.11,225.49,754.07,849.03,259.23,219.34,65.96,4.12,13.17
86,Kota_86,2024,664.67,696.07,387.59,171.29,1087.35,1224.58,149.64,318.92,66.83,4.96,12.49
87,Kota_87,2014,1446.31,401.43,306.39,445.07,714.21,705.69,118.47,618.34,69.15,4.07,17.28
87,Kota_87,2015,1269.19,600.2,655.07,248.72,595.28,1647.72,154.92,886.96,71.0,4.61,16.39
87,Kota_87,2016,1432.96,469.3,678.93,273.23,1134.02,1285.16,236.08,526.88,68.86,4.24,18.34
87,Kota_87,2017,1105.07,782.04,369.4,292.57,435.52,1762.79,297.47,484.82,69.05,4.81,18.53
87,Kota_87,2018,1287.86,477.72,658.18,375.19,658.25,1409.13,86.82,516.8,69.26,4.72,17.17
87,Kota_87,2019,691.88,706.77,503.59,259.46,495.7,1241.72,68.19,269.14,70.41,3.17,16.48
87,Kota_87,2020,1425.54,562.99,654.71,312.1,963.27,1038.15,285.48,571.06,69.13,4.83,17.08
87,Kota_87,2021,507.76,632.71,315.68,350.95,1183.54,1303.72,254.37,555.45,68.46,4.99,17.06
87,Kota_87,2022,1389.97,850.06,377.75,318.0,579.12,1277.09,171.05,782.15,69.47,4.55,17.07
87,Kota_87,2023,524.97,579.65,791.58,140.28,738.95,1099.29,276.27,808.54,68.0,4.05,16.77
87,Kota_87,2024,1127.14,535.46,603.25,112.85,506.72,1592.28,103.09,800.31,68.51,4.49,18.21
88,Kota_88,2014,1103.42,572.39,534.59,330.7,532.43,1223.55,135.86,480.63,69.65,3.98,17.57
88,Kota_88,2015,1440.32,505.57,449.42,414.78,836.82,1411.14,63.34,479.02,69.76,4.2,14.71
88,Kota_88,2016,1043.53,888.38,730.02,164.16,671.66,1135.79,60.51,618.77,70.3,3.93,16.91
88,Kota_88,2017,1240.04,739.39,425.39,156.42,967.46,1810.93,221.46,212.51,70.59,4.89,17.96
88,Kota_88,2018,1471.4,358.58,740.73,150.44,714.37,1806.87,276.56,554.46,69.56,5.28,16.53
88,Kota_88,2019,1332.76,385.06,686.04,292.51,760.5,1251.07,177.3,861.54,69.57,4.27,16.2
88,Kota_88,2020,1312.24,775.39,564.15,325.93,1088.74,1768.14,80.57,794.01,68.3,3.99,15.15
88,Kota_88,2021,1369.77,602.42,685.02,205.36,403.14,1344.1,75.06,728.06,68.64,3.14,15.46
88,Kota_88,2022,1281.49,406.11,588.3,466.97,943.87,1754.33,77.24,375.51,68.47,4.79,16.56
88,Kota_88,2023,1139.55,764.64,448.52,117.82,1027.55,1582.33,168.2,829.83,67.77,4.11,15.98
88,Kota_88,2024,1014.98,391.51,329.04,362.49,708.03,1787.42,287.49,763.95,69.15,5.09,15.26
89,Kota_89,2014,533.39,570.0,742.14,195.59,565.21,1960.77,56.25,750.05,68.84,4.4,8.94
89,Kota_89,2015,565.19,334.95,269.33,128.55,1008.45,1331.24,135.72,492.86,69.32,4.78,11.17
89,Kota_89,2016,819.65,566.78,568.23,349.45,785.36,1220.86,296.55,774.79,70.82,4.0,10.06
89,Kota_89,2017,852.43,582.08,209.92,425.92,687.35,1454.54,68.49,322.5,68.89,4.4,11.74
89,Kota_89,2018,1450.28,999.13,423.12,219.52,1086.68,1998.19,207.41,756.6,69.02,5.47,11.58
89,Kota_89,2019,1188.11,314.81,402.02,157.79,586.38,1877.14,59.22,353.86,69.5,4.88,9.2
89,Kota_89,2020,1034.1,452.79,298.54,194.72,802.02,1052.53,286.9,524.71,69.28,4.1,11.84
89,Kota_89,2021,779.59,699.52,663.29,471.2,608.9,1135.31,166.07,849.02,67.87,4.05,9.4
89,Kota_89,2022,606.62,541.91,289.03,354.42,1159.6,1995.75,143.81,619.31,68.23,5.76,10.29
89,Kota_89,2023,575.96,786.79,351.65,224.56,496.87,1824.06,173.36,600.5,67.8,3.35,12.24
89,Kota_89,2024,692.53,821.59,276.23,141.55,968.12,971.49,126.69,532.66,70.98,4.04,12.25
90,Kota_90,2014,822.33,606.6,384.48,493.98,1051.24,914.05,51.4,229.95,74.07,4.07,11.63
90,Kota_90,2015,1033.34,900.6,642.05,186.24,719.44,1360.26,252.55,787.39,73.04,4.7,10.81
90,Kota_90,2016,1065.29,474.08,459.03,353.62,605.59,767.84,52.56,215.51,73.2,3.49,11.16
90,Kota_90,2017,1486.8,514.2,276.45,318.23,1086.37,1581.48,124.02,593.13,74.08,5.13,12.31
90,Kota_90,2018,1370.11,705.26,457.91,356.63,1054.57,707.35,298.0,328.03,73.48,4.74,11.61
90,Kota_90,2019,725.04,633.76,279.55,258.03,541.71,1172.72,143.37,895.22,72.31,3.82,11.59
90,Kota_90,2020,1069.7,455.12,653.97,223.82,1137.71,1553.74,159.09,752.94,71.24,4.4,12.36
90,Kota_90,2021,839.71,955.17,298.84,116.86,763.24,1741.57,242.92,843.67,72.01,4.52,12.9
90,Kota_90,2022,593.33,420.86,207.37,337.46,1109.39,1571.86,295.51,244.12,73.05,4.98,11.66
90,Kota_90,2023,1380.75,830.36,538.08,148.0,825.58,1163.84,248.05,730.69,72.77,4.4,12.84
90,Kota_90,2024,1486.91,578.63,399.14,349.77,1060.49,1917.81,250.78,498.67,74.53,5.29,11.92
