Kabupaten,Tahun,PDRB,PE(%),TPT(%),Kemiskinan_(P0)_(%),IPM , Anggaran_PAD, Realisasi_PAD, Anggaran_Transf, Realisasi_Transf, Ekonomi, Kesehatan, Pendidikan
Bantaeng,2015,4073.06,6.64,4.07,9.53,66.2,46.06,43.80,527.70,622.23,76.32,131.86,236.20
Bantaeng,2016,4374.21,7.39,4.65,9.51,66.59,62.49,66.25,878.56,944.30,82.27,194.30,273.02
Bantaeng,2017,4694.16,7.31,5.23,9.66,67.27,101.61,65.20,769.13,762.41,98.94,177.98,226.92
Bantaeng,2018,5075.84,8.13,3.69,9.23,67.76,162.09,94.63,782.30,772.73,75.73,203.29,239.62
Bantaeng,2019,5621.52,10.75,3.65,9.03,68.3,98.82,107.14,860.44,841.43,89.37,204.72,344.60
Bantaeng,2020,5650.54,0.52,4.27,8.95,68.73,158.31,110.11,818.38,746.06,79.95,184.28,331.05
Bantaeng,2021,6151.45,8.86,4.07,9.41,68.99,183.18,121.64,785.69,774.60,114.88,273.79,283.49
Bantaeng,2022,7102.04,15.45,2.72,9.07,69.69,184.74,175.74,769.58,734.91,152.13,262.71,248.67
Bantaeng,2023,7496.65,5.56,3.71,9.18,70.57,191.84,191.33,711.82,721.82,126.34,244.31,287.68
Bantaeng,2024,7823.49,4.36,2.57,8.26,71.48,241.93,203.50,771.80,709.72,117.26,287.21,336.25
Barru,2015,3694.24,6.32,7.68,9.42,68.64,47.02,56.32,574.16,680.80,55.46,122.37,320.48
Barru,2016,3916.34,6.01,6.64,9.45,69.07,64.69,82.53,910.67,833.12,71.11,171.58,306.03
Barru,2017,4169.98,6.48,5.6,9.71,69.56,77.41,130.58,734.15,838.74,47.89,167.10,296.20
Barru,2018,4466.54,7.11,5.38,9.04,70.05,113.84,104.63,806.68,792.39,41.98,156.62,283.51
Barru,2019,4797.43,7.41,5.39,8.57,70.6,110.01,103.89,799.03,764.89,36.22,174.36,290.03
Barru,2020,4839.12,0.87,6.39,8.26,71,113.33,101.32,799.16,733.60,33.29,189.63,284.40
Barru,2021,5069.99,4.77,6.74,8.68,71.13,106.63,91.08,778.43,755.92,112.44,175.61,294.10
Barru,2022,5329.31,5.11,5.32,8.4,71.53,79.37,95.63,722.16,705.89,129.31,215.71,270.13
Barru,2023,5516.25,3.51,5.89,8.46,72.36,104.35,108.67,708.78,701.46,125.66,201.02,299.52
Barru,2024,5787.54,4.92,6.42,8.31,73.06,112.66,114.32,742.08,757.44,107.27,229.35,324.41
Bone,2015,16051.87,8.30,4.36,10.12,63.11,143.29,159.87,1113.19,1242.61,126.64,223.86,471.59
Bone,2016,17498.18,9.01,4.46,10.07,63.86,155.64,180.16,1883.31,1743.39,73.44,7.20,9.48
Bone,2017,18970.53,8.41,4.55,10.28,64.16,173.96,280.48,1863.86,1819.33,87.61,384.24,529.29
Bone,2018,20660.07,8.91,2.82,10.55,65.04,178.63,214.25,1961.77,1854.93,83.93,390.50,477.97
Bone,2019,22108.04,7.01,3.01,10.06,65.67,195.57,230.46,1981.61,1950.21,81.45,450.50,534.13
Bone,2020,22053.74,-0.25,3.2,10.68,66.06,211.58,271.46,2003.49,1820.78,66.30,533.65,528.60
Bone,2021,23273.87,5.53,4.15,10.52,66.4,244.86,177.42,1884.29,1843.77,100.18,454.19,511.63
Bone,2022,24491.73,5.23,2.27,10.58,67.01,199.76,212.61,1808.78,1755.74,491.15,444.78,512.62
Bone,2023,25416.03,3.77,2.88,10.53,67.81,229.95,248.31,1921.76,1940.97,243.45,481.60,597.13
Bone,2024,26825.37,5.55,2.28,9.58,68.36,287.72,267.11,2118.29,2411.50,221.82,536.11,601.88
Bulukumba,2015,6774.32,5.62,3,8.15,65.58,109.70,106.04,810.85,893.75,80.35,205.49,549.84
Bulukumba,2016,7232.84,6.77,3.37,8.06,66.46,130.35,128.24,1176.67,1175.65,88.73,253.79,550.64
Bulukumba,2017,7730.91,6.89,3.73,7.97,67.08,166.36,201.08,1240.95,1154.30,69.65,269.86,461.23
Bulukumba,2018,8121.33,5.05,3.62,7.48,67.7,191.06,137.71,1197.85,1171.88,61.14,255.32,475.41
Bulukumba,2019,8567.46,5.49,3.06,7.26,68.28,194.29,173.00,1181.83,1163.23,77.15,293.47,463.83
Bulukumba,2020,8604.2,0.43,3.42,7.1,68.99,193.00,168.42,1228.09,1139.55,58.98,279.38,474.24
Bulukumba,2021,9013.58,4.76,3.14,7.43,69.62,214.27,153.24,1176.72,1085.32,153.52,322.23,445.05
Bulukumba,2022,9357.11,3.81,1.26,7.39,70.34,228.27,155.09,1131.91,1108.33,240.87,259.22,406.34
Bulukumba,2023,9741.4,4.11,1.31,7.22,71.21,220.90,170.21,1216.36,1205.84,318.39,311.28,477.14
Bulukumba,2024,10189.82,4.60,2.23,6.71,71.97,253.50,176.81,1244.08,1255.69,223.00,347.96,555.95
Enrekang,2015,3623.22,6.91,1.33,13.82,70.03,47.21,49.21,610.60,716.85,101.35,127.46,304.93
Enrekang,2016,3899.59,7.63,1.60,13.41,70.79,91.79,56.38,985.82,936.45,97.85,135.90,331.92
Enrekang,2017,4166.4,6.84,1.87,13.16,71.44,102.78,99.67,832.66,854.15,233.11,162.06,296.24
Enrekang,2018,4302.05,3.26,1.66,12.49,72.15,86.58,66.04,883.31,876.13,66.92,161.33,301.12
Enrekang,2019,4535.55,5.43,2.15,12.33,72.66,109.26,73.24,911.19,896.44,62.07,189.84,338.72
Enrekang,2020,4592.23,1.25,2.44,12.17,72.76,104.66,78.25,959.33,894.68,51.61,201.53,354.93
Enrekang,2021,4884.37,6.36,2.34,12.47,72.91,99.78,73.31,905.19,877.88,106.56,220.00,303.52
Enrekang,2022,5065.36,3.71,0.58,12.39,73.39,95.99,90.17,835.70,823.68,305.35,230.92,385.73
Enrekang,2023,5183.42,2.33,1.53,12.69,73.89,154.32,77.13,909.27,929.27,163.18,126.79,70.83
Enrekang,2024,5418.7,4.54,1.51,11.25,74.61,145.67,61.02,981.40,926.50,160.67,294.74,385.10
Gowa,2015,10380.22,6.79,4.96,8.27,66.87,131.69,154.77,892.56,953.79,93.41,207.13,565.52
Gowa,2016,11166.02,7.57,5.55,8.4,67.7,159.98,187.18,1376.80,1309.60,86.20,243.74,576.83
Gowa,2017,11971.36,7.21,6.14,8.42,68.33,158.74,268.34,1305.74,1403.73,66.50,296.12,557.25
Gowa,2018,12825.81,7.14,4.8,7.83,68.87,189.36,217.11,1395.32,1387.32,68.01,318.10,578.25
Gowa,2019,13783.11,7.46,4.35,7.53,69.66,198.48,238.24,1441.88,1426.98,61.69,328.31,616.55
Gowa,2020,14025.76,1.76,6.44,7.38,70.14,224.47,241.47,1508.57,1415.17,49.72,369.39,571.22
Gowa,2021,15043.7,7.26,4.3,7.54,70.29,198.48,260.89,1446.53,1411.48,223.18,415.25,564.87
Gowa,2022,15734.85,4.59,3.26,7.36,70.99,235.43,237.05,1402.29,1369.67,398.17,327.84,542.12
Gowa,2023,16650.36,5.82,3.43,7.42,71.57,233.95,283.44,1434.82,1435.18,395.10,391.94,599.59
Gowa,2024,17547,5.39,3.91,6.85,72.26,270.48,209.73,1604.74,848.30,262.79,420.75,683.76
Jeneponto,2015,5085.92,6.54,4,15.18,61.61,64.00,61.27,674.45,788.96,83.25,152.27,315.59
Jeneponto,2016,5508.83,8.32,3.66,15.49,61.81,77.55,77.64,1139.72,1122.34,45.63,18.56,10.88
Jeneponto,2017,5963.56,8.25,3.31,15.4,62.67,113.18,97.93,957.63,940.52,93.48,267.55,299.15
Jeneponto,2018,6338.74,6.29,2.81,15.48,63.33,120.91,91.99,1037.71,1026.45,59.31,208.98,344.28
Jeneponto,2019,6685.62,5.47,1.99,14.88,64,140.83,101.09,1156.61,1131.33,61.33,300.78,408.48
Jeneponto,2020,6696.42,0.16,2.31,14.58,64.26,138.24,109.19,1070.12,1001.44,44.64,250.54,339.98
Jeneponto,2021,7058.35,5.40,2.38,14.28,64.56,144.98,99.14,1024.27,997.58,71.98,302.37,367.30
Jeneponto,2022,7327.53,3.81,2.21,13.73,65.13,118.12,102.73,947.16,938.20,126.05,275.91,353.45
Jeneponto,2023,7466.55,1.90,2.13,13.06,65.9,111.68,116.34,900.86,906.12,86.15,284.47,394.80
Jeneponto,2024,7916.7,6.03,2.47,11.82,66.38,116.61,165.34,1095.81,1107.63,91.72,374.27,403.72
Kepulauan Selayar,2015,2724.4,8.83,0.9,12.94,64.32,39.32,40.23,584.52,603.53,79.03,99.67,156.10
Kepulauan Selayar,2016,2924.72,7.35,1.62,13.11,64.95,46.48,43.17,774.28,751.55,97.84,129.42,167.40
Kepulauan Selayar,2017,3147.39,7.61,2.34,13.28,65.39,57.18,77.30,947.08,928.73,72.73,133.72,160.78
Kepulauan Selayar,2018,3422.67,8.75,1.88,13.13,66.04,71.27,63.94,1012.29,1007.45,90.22,185.01,161.92
Kepulauan Selayar,2019,3685.67,7.68,1.1,12.83,66.91,73.91,73.17,903.88,867.09,93.84,167.01,225.41
Kepulauan Selayar,2020,3620.2,-1.78,2.44,12.48,67.38,84.68,66.37,989.24,861.15,65.39,206.86,250.44
Kepulauan Selayar,2021,3765.56,4.02,2.81,12.45,67.76,87.07,54.96,912.67,881.46,123.94,251.28,259.82
Kepulauan Selayar,2022,3903.8,3.67,1.49,12.24,68.35,64.21,54.42,925.34,904.26,156.09,222.83,232.61
Kepulauan Selayar,2023,4047.38,3.68,1.98,12.27,69.2,77.30,79.72,875.83,802.73,133.75,213.61,273.13
Kepulauan Selayar,2024,4182.33,3.33,2.05,10.79,70.03,95.00,60.58,878.14,695.47,136.74,234.36,341.54
Kota Makassar,2015,88828.15,7.55,12.02,4.38,79.94,992.15,828.87,676.44,627.29,166.11,363.94,800.45
Kota Makassar,2016,95957.64,8.03,11.31,4.56,80.53,1305.18,971.86,948.72,1029.64,130.34,240.14,782.59
Kota Makassar,2017,103826.16,8.20,10.59,4.59,81.13,1332.55,1337.23,908.83,920.18,151.72,402.67,871.05
Kota Makassar,2018,112568.41,8.42,12.19,4.41,81.73,1483.71,1185.45,946.84,936.49,151.91,420.58,943.80
Kota Makassar,2019,122465.83,8.79,9.83,4.28,82.25,1649.40,1303.32,1249.58,1238.73,152.37,485.75,978.86
Kota Makassar,2020,120905.75,-1.27,15.92,4.54,82.25,1749.40,1078.33,1284.51,1162.17,110.00,411.58,888.75
Kota Makassar,2021,126312.83,4.47,13.18,4.82,82.66,1686.39,1140.33,1193.39,1153.15,72.21,319.02,487.66
Kota Makassar,2022,133132.6,5.40,11.82,4.58,83.12,2014.71,1410.81,1185.48,1195.16,459.19,534.12,993.51
Kota Makassar,2023,140197.9,5.31,10.6,5.07,83.52,2360.63,1568.27,1202.22,1223.54,1034.25,578.82,1106.14
Kota Makassar,2024,147989.2,5.56,9.71,4.97,83.9,2381.14,1599.24,1274.11,1226.48,1263.19,617.37,1750.74
Kota Palopo,2015,4140.87,6.47,12.07,8.58,76.27,76.23,92.28,710.82,709.25,62.39,161.31,202.57
Kota Palopo,2016,4428.5,6.95,11.52,8.74,76.45,150.12,134.11,953.69,889.47,75.54,207.03,243.72
Kota Palopo,2017,4745.9,7.17,10.96,8.78,76.71,126.43,167.31,1127.71,1123.39,63.37,243.60,183.09
Kota Palopo,2018,5102.99,7.52,11.6,7.94,77.3,145.21,139.28,1121.91,1114.62,89.26,264.83,185.66
Kota Palopo,2019,5447.36,6.75,9.67,7.82,77.98,167.05,165.66,997.67,972.41,72.12,294.02,203.23
Kota Palopo,2020,5472.08,0.45,10.37,7.85,78.06,189.59,177.21,977.11,882.37,49.90,354.54,188.43
Kota Palopo,2021,5768.28,5.41,8.83,8.14,78.38,167.92,140.13,946.72,984.91,139.14,313.41,214.07
Kota Palopo,2022,6104.74,5.83,8.2,7.78,78.91,151.14,178.68,958.75,1108.81,237.89,278.58,201.44
Kota Palopo,2023,6369.71,4.34,7.81,7.69,79.45,239.58,194.01,1050.01,1080.94,182.59,274.43,182.25
Kota Palopo,2024,6650.07,4.40,7.64,7.35,79.94,238.91,208.28,1192.62,773.16,149.81,291.74,210.48
Kota Parepare,2015,3843.72,6.30,8.48,6.08,76.31,114.78,115.37,737.27,839.14,40.31,207.18,219.23
Kota Parepare,2016,4107.81,6.87,7.48,5.73,76.48,137.52,136.31,1323.68,1235.07,54.87,317.88,254.35
Kota Parepare,2017,4394.32,6.97,6.47,5.7,76.68,140.35,140.62,1845.07,1680.47,42.32,318.98,202.38
Kota Parepare,2018,4639.4,5.58,6.81,5.59,77.19,145.21,134.34,1945.65,1826.14,32.84,236.09,201.02
Kota Parepare,2019,4947.79,6.65,6.17,5.26,77.62,151.92,137.89,963.43,956.22,38.94,325.21,218.27
Kota Parepare,2020,4944.03,-0.08,7.14,5.44,77.86,165.91,161.23,1004.92,909.11,33.62,280.20,212.79
Kota Parepare,2021,5162.1,4.41,6.72,5.4,78.21,157.14,162.94,1124.56,1083.62,40.61,267.94,200.49
Kota Parepare,2022,5468.43,5.93,5.6,5.41,78.54,163.04,166.71,1069.27,1057.19,154.08,278.64,202.09
Kota Parepare,2023,5680.82,3.88,5.86,5.34,79.03,172.21,188.11,1042.96,1067.56,127.43,270.17,204.62
Kota Parepare,2024,5969.77,5.09,5.23,5.27,79.64,204.00,215.48,1141.21,1102.49,93.17,298.60,236.38
Luwu,2015,7437.42,7.26,7.86,13.89,68.11,57.38,78.56,1326.42,1402.77,87.15,154.83,394.43
Luwu,2016,8023.37,7.88,6.32,14.35,68.71,59.26,95.56,1996.36,1992.75,123.21,220.82,433.67
Luwu,2017,8567.87,6.79,4.78,14.01,69.02,99.16,109.17,1018.38,911.05,78.03,194.49,355.26
Luwu,2018,9155.58,6.86,3.89,13.36,69.6,102.18,106.87,1106.90,1098.54,92.79,213.45,366.64
Luwu,2019,9728.97,6.26,4.38,12.78,70.39,109.65,113.77,1973.93,1856.22,70.08,232.85,408.18
Luwu,2020,9855.91,1.30,4.94,12.65,70.51,115.46,123.16,1920.01,1750.92,54.31,259.82,396.64
Luwu,2021,10449.75,6.03,4.8,12.53,70.85,120.06,132.47,1699.26,1717.86,212.07,264.60,402.92
Luwu,2022,11044.67,5.69,3.85,12.49,71.36,120.86,144.30,1807.12,1818.55,269.89,271.79,395.90
Luwu,2023,11668.14,5.64,3.7,12.71,72.16,127.35,179.69,1958.66,2011.98,286.50,307.15,464.26
Luwu,2024,12176.49,4.36,4.14,11.7,72.79,159.63,226.37,2174.66,2278.28,195.86,353.25,476.21
Luwu Timur,2015,14631.06,6.42,5.37,7.18,70.43,155.50,155.96,748.45,759.79,113.36,214.19,284.97
Luwu Timur,2016,14862.31,1.58,3.98,7.52,70.95,166.87,177.02,1098.59,1126.38,112.65,196.53,285.90
Luwu Timur,2017,15318.72,3.07,2.58,7.66,71.46,221.54,254.90,690.42,714.58,119.84,275.74,302.67
Luwu Timur,2018,15837.8,3.39,2.18,7.23,72.16,257.39,264.77,785.81,757.33,124.78,341.30,356.88
Luwu Timur,2019,16022.95,1.17,3.81,6.98,72.8,289.64,321.15,1094.98,1088.94,112.45,331.32,347.68
Luwu Timur,2020,16256.9,1.46,4.46,6.85,73.22,305.74,329.22,1110.83,1014.61,69.51,359.60,340.83
Luwu Timur,2021,16030.5,-1.39,4.96,6.94,73.34,314.22,305.93,1055.25,1022.39,225.69,418.19,355.86
Luwu Timur,2022,16349.21,1.99,4.48,6.81,73.92,351.61,335.61,1129.98,1101.98,266.79,397.12,329.60
Luwu Timur,2023,17928.43,9.66,5.42,6.93,74.35,382.64,392.67,1076.76,1097.07,290.68,425.11,373.02
Luwu Timur,2024,18514.53,3.27,4.58,6.55,74.95,391.30,136.72,1179.78,989.06,341.53,486.66,399.64
Luwu Utara,2015,6122.22,6.67,2.6,13.87,67.44,76.70,84.67,544.44,626.11,82.12,202.55,308.68
Luwu Utara,2016,6580.9,7.49,2.96,14.36,67.81,79.66,141.00,809.38,807.01,15.45,81.54,94.01
Luwu Utara,2017,7081.17,7.60,3.31,14.33,68.35,94.57,109.66,1082.89,1073.88,72.42,238.11,262.39
Luwu Utara,2018,7675.2,8.39,3.87,13.69,68.79,106.95,113.28,633.99,624.86,67.02,253.93,306.27
Luwu Utara,2019,8221.2,7.11,2.76,13.6,69.46,121.82,128.59,764.38,739.85,74.70,238.32,325.72
Luwu Utara,2020,8172.74,-0.59,3.01,13.41,69.57,143.82,107.77,742.62,672.57,62.63,255.37,322.41
Luwu Utara,2021,8491.5,3.90,3.91,13.59,70.02,112.89,122.26,737.56,722.95,156.11,273.88,333.41
Luwu Utara,2022,8876.97,4.54,2.81,13.22,70.51,134.35,93.14,741.99,737.67,345.03,269.71,323.69
Luwu Utara,2023,9331.06,5.12,2.63,12.66,71.34,111.73,110.73,655.46,664.16,159.42,242.81,374.98
Luwu Utara,2024,9732.44,4.30,2.39,11.24,72.07,116.35,90.00,656.26,638.85,125.87,283.83,390.87
Maros,2015,10916.73,8.44,6.99,11.85,67.13,125.05,141.49,767.84,865.57,85.76,168.90,366.48
Maros,2016,11954,9.50,6.92,11.41,67.76,180.01,165.49,1143.37,1163.36,66.69,211.18,364.94
Maros,2017,12768.32,6.81,6.85,11.14,68.42,180.35,195.00,803.71,682.41,84.63,217.23,365.59
Maros,2018,13558.74,6.19,6.19,10.31,68.94,202.65,219.81,972.83,960.44,80.04,243.12,389.73
Maros,2019,13726.28,1.24,4.42,9.89,69.5,266.42,248.75,1122.21,1104.61,68.14,273.42,377.48
Maros,2020,12233.66,-10.87,6.28,9.74,69.86,311.28,219.10,1127.77,1032.87,39.53,271.51,392.66
Maros,2021,12400.62,1.36,6.3,9.57,70.41,304.84,221.49,1041.77,1023.79,55.41,258.29,356.54
Maros,2022,13532.96,9.13,5.04,9.43,71,295.60,286.34,1137.20,1124.57,255.96,281.64,362.50
Maros,2023,14210.16,5.00,3.64,9.65,71.63,296.93,312.49,1177.05,1200.46,271.07,284.59,429.92
Maros,2024,14748.76,3.79,4.34,9.32,72.11,307.96,225.35,1205.29,1238.22,208.53,357.27,489.20
Pangkajene Dan Kepulauan,2015,13367.01,7.63,7.01,16.7,66.65,125.36,143.98,492.76,588.31,89.87,204.94,436.46
Pangkajene Dan Kepulauan,2016,14477.29,8.31,7.03,16.22,66.86,154.60,156.23,839.21,730.12,99.48,242.65,439.27
Pangkajene Dan Kepulauan,2017,15433.5,6.60,7.05,16.22,67.25,160.53,162.62,939.05,983.17,68.41,286.54,420.46
Pangkajene Dan Kepulauan,2018,16168.91,4.77,6.91,15.1,67.71,175.94,174.29,1132.67,1096.41,68.82,269.39,413.09
Pangkajene Dan Kepulauan,2019,17205.17,6.41,4.99,14.06,68.29,185.33,185.06,689.19,674.70,71.53,287.49,429.66
Pangkajene Dan Kepulauan,2020,16915.23,-1.69,5.18,13.96,68.72,186.39,196.53,623.35,556.22,47.22,288.50,388.72
Pangkajene Dan Kepulauan,2021,17500.61,3.46,5.86,14.28,69.21,212.75,159.41,638.60,624.01,58.42,294.76,406.43
Pangkajene Dan Kepulauan,2022,18363.59,4.93,5.23,13.92,69.79,205.85,163.60,629.89,624.43,158.79,308.76,418.05
Pangkajene Dan Kepulauan,2023,19236.71,4.75,5.05,13.4,70.59,195.80,176.62,608.55,632.75,214.65,293.12,457.16
Pangkajene Dan Kepulauan,2024,20197.59,5.00,3.99,12.41,71.22,203.44,251.36,606.96,609.42,130.00,379.44,479.19
Pinrang,2015,9677.33,8.24,4.85,8.34,69.24,89.80,97.12,740.54,851.20,111.55,171.27,423.84
Pinrang,2016,10397.11,7.44,4.63,8.48,69.42,93.79,113.04,947.59,1074.30,108.59,228.35,410.94
Pinrang,2017,11212.62,7.84,4.41,8.46,69.9,104.55,118.86,777.02,709.53,114.23,219.04,399.70
Pinrang,2018,11987.44,6.91,3.04,8.81,70.62,98.99,130.65,891.82,880.26,113.63,230.66,398.67
Pinrang,2019,12770.08,6.53,2.91,8.46,71.12,111.41,133.36,986.44,972.00,121.03,243.67,396.82
Pinrang,2020,12826.45,0.44,4.19,8.86,71.26,131.22,131.18,1098.70,929.73,102.54,269.37,399.30
Pinrang,2021,13472.49,5.04,4.06,8.81,71.45,136.39,134.07,1036.94,1006.48,172.92,270.14,384.13
Pinrang,2022,14082.65,4.53,2.79,8.79,71.97,138.72,158.12,1121.09,1094.11,193.59,303.82,373.12
Pinrang,2023,14388.99,2.18,3.64,8.9,72.84,169.40,175.36,1030.80,1047.75,108.99,127.52,141.48
Pinrang,2024,15210.21,5.71,3.12,8.55,73.55,195.44,160.77,1164.92,1104.29,170.87,387.31,458.63
Sidenreng Rappang,2015,6600.92,8.03,6.97,5.55,69,93.00,76.08,656.74,772.75,58.44,160.37,367.70
Sidenreng Rappang,2016,7179.78,8.77,5.07,5.45,69.39,126.57,98.40,1070.94,1022.94,62.48,218.67,357.01
Sidenreng Rappang,2017,7688.83,7.09,3.17,5.32,69.84,122.57,146.03,1146.44,1094.89,59.75,227.21,357.71
Sidenreng Rappang,2018,8075.03,5.02,4.7,5.16,70.6,163.41,115.90,1198.88,983.19,41.00,224.32,344.27
Sidenreng Rappang,2019,8450.69,4.65,4.35,4.79,71.05,140.87,125.73,1028.91,1003.57,55.23,221.45,414.03
Sidenreng Rappang,2020,8401.06,-0.59,5.91,5.05,71.21,144.03,132.95,1025.36,922.72,61.36,231.37,369.51
Sidenreng Rappang,2021,8866.07,5.54,4.93,5.04,71.54,128.76,136.81,986.56,887.88,170.74,269.44,379.69
Sidenreng Rappang,2022,9297.02,4.86,3.56,5.11,72.06,173.73,155.22,954.40,923.12,171.00,261.47,358.12
Sidenreng Rappang,2023,9601.72,3.28,3.29,5.14,72.71,176.65,166.55,937.87,931.62,162.93,263.68,362.56
Sidenreng Rappang,2024,9990.29,4.05,3.02,5.02,73.21,175.06,158.85,977.06,971.33,140.19,308.60,404.53
Sinjai,2015,5415.38,7.55,1.55,9.26,64.48,50.70,75.60,630.66,721.96,63.04,156.04,327.80
Sinjai,2016,5799.31,7.09,3.04,9.41,65.36,57.70,79.49,1007.33,985.34,84.04,249.66,350.34
Sinjai,2017,6218.64,7.23,4.53,9.24,65.8,66.38,113.97,938.37,919.66,61.75,201.61,316.92
Sinjai,2018,6681.25,7.44,2.14,9.28,66.24,74.96,95.22,932.99,964.68,71.98,198.09,311.00
Sinjai,2019,7090.28,6.12,2.17,9.14,67.05,90.40,102.32,963.22,946.80,61.05,267.24,332.31
Sinjai,2020,7200.23,1.55,2.65,9,67.6,100.44,98.60,989.99,914.88,36.38,282.78,329.04
Sinjai,2021,7576.83,5.23,2.61,8.84,67.75,99.29,95.60,1025.19,1000.87,76.88,330.45,362.49
Sinjai,2022,7945.62,4.87,1.8,8.8,68.33,103.20,98.39,946.26,939.08,154.60,250.75,347.85
Sinjai,2023,8399.43,5.71,1.69,8.55,68.92,92.70,100.96,945.17,950.31,203.46,252.43,385.68
Sinjai,2024,8833.54,5.17,1.52,7.82,69.52,109.10,103.02,925.64,862.33,125.56,267.28,401.13
Soppeng,2015,5131.72,5.11,2.96,8.36,65.33,58.06,68.40,672.84,741.16,54.59,157.24,347.81
Soppeng,2016,5547.69,8.11,2.84,8.45,65.95,59.82,91.12,1071.05,1086.30,51.33,179.59,410.57
Soppeng,2017,6007.46,8.29,2.71,8.29,66.67,80.11,125.89,992.46,977.37,48.31,207.18,341.17
Soppeng,2018,6494.39,8.11,2.66,7.5,67.6,90.25,131.61,958.54,948.04,56.79,229.67,340.51
Soppeng,2019,6993.53,7.69,3.24,7.25,68.26,106.94,138.45,991.91,973.58,57.90,241.32,371.87
Soppeng,2020,7146.65,2.19,4.42,7.59,68.67,126.66,151.86,990.90,916.12,37.92,264.26,366.48
Soppeng,2021,7585.98,6.15,3.92,7.53,68.99,127.83,155.46,1007.50,970.64,59.57,268.91,383.00
Soppeng,2022,8054.42,6.18,3.4,7.49,69.7,155.39,142.98,956.99,931.66,272.79,91.84,98.09
Soppeng,2023,8322.53,3.33,4.34,7.48,70.58,155.28,166.34,907.81,924.62,232.59,269.68,384.99
Soppeng,2024,8660.66,4.06,3.33,6.9,71.39,170.70,228.32,970.50,896.61,117.24,259.33,401.56
Takalar,2015,4931.54,8.42,4.04,9.48,64.07,97.97,74.83,637.13,745.29,74.07,159.44,344.37
Takalar,2016,5405.32,9.61,4.49,9.35,64.96,105.12,95.63,1030.28,1020.89,69.92,247.33,373.31
Takalar,2017,5803.94,7.37,4.93,9.24,65.48,111.68,111.70,872.18,892.76,62.48,203.92,295.80
Takalar,2018,6190.67,6.66,3.88,9,66.07,161.42,125.19,959.10,939.25,58.27,244.93,331.79
Takalar,2019,6616.25,6.87,3.78,8.7,66.94,140.82,104.83,957.52,930.63,56.92,238.55,325.93
Takalar,2020,6575.76,-0.61,4.16,8.44,67.31,160.86,126.86,934.19,878.26,63.33,262.90,274.52
Takalar,2021,6908.05,5.05,3.93,8.25,67.72,195.86,121.89,884.75,872.83,82.60,230.29,365.62
Takalar,2022,7228.4,4.64,2.63,8.25,68.31,304.46,99.10,911.10,885.10,240.21,437.56,332.37
Takalar,2023,7507.06,3.86,3.58,8.29,68.9,116.78,50.50,925.95,929.23,162.89,275.05,374.20
Takalar,2024,7832.68,4.34,3.84,7.75,69.47,264.74,133.13,955.41,898.41,139.40,303.04,401.71
Tana Toraja,2015,3417.3,6.85,3.99,12.46,65.75,69.46,79.26,599.16,707.74,68.95,151.52,135.55
Tana Toraja,2016,3666.48,7.29,4.80,12.36,66.25,76.97,101.99,918.61,827.93,20.74,34.15,15.03
Tana Toraja,2017,3940.52,7.47,5.6,12.62,66.82,106.00,140.42,772.98,910.15,62.31,175.40,207.75
Tana Toraja,2018,4251.26,7.89,3.07,12.75,67.66,160.00,106.11,802.44,892.37,52.21,189.64,200.89
Tana Toraja,2019,4558.14,7.22,2.55,12.35,68.25,187.75,119.46,965.25,938.20,52.04,212.10,204.96
Tana Toraja,2020,4545.29,-0.28,2.6,12.1,68.75,128.56,110.94,840.75,757.97,32.52,201.08,207.14
Tana Toraja,2021,4780.98,5.19,3.09,12.27,69.49,124.31,87.88,932.74,879.01,47.16,229.92,214.40
Tana Toraja,2022,5025.78,5.12,2.32,12.18,69.88,125.50,155.61,949.14,918.95,189.84,192.65,150.62
Tana Toraja,2023,5209.56,3.66,3.37,12.48,70.73,137.50,127.50,941.49,932.40,156.09,240.52,336.41
Tana Toraja,2024,5480.43,5.20,3.98,10.79,71.67,125.62,112.89,990.85,580.09,99.12,281.52,408.16
Toraja Utara,2015,3782.8,7.76,3.11,15.19,66.76,27.55,33.81,570.95,591.13,79.32,74.31,210.43
Toraja Utara,2016,4085.69,8.01,3.68,14.57,67.49,41.38,34.90,845.62,794.46,56.81,84.13,218.59
Toraja Utara,2017,4421.68,8.22,4.24,14.41,67.9,101.62,44.17,788.18,796.30,11.44,11.12,26.76
Toraja Utara,2018,4778.53,8.07,2.88,13.37,68.49,58.56,52.71,918.69,905.51,75.43,146.35,222.46
Toraja Utara,2019,5140.01,7.56,2.86,12.41,69.23,56.22,64.63,952.76,932.24,76.65,135.00,254.66
Toraja Utara,2020,5148.55,0.17,3.17,12.01,69.33,73.65,55.67,926.93,828.66,68.49,138.43,294.58
Toraja Utara,2021,5357.13,4.05,2.61,11.99,69.75,89.65,45.46,876.86,844.22,138.20,169.81,319.84
Toraja Utara,2022,5639.38,5.27,1.99,11.65,70.36,69.84,42.87,878.01,855.02,123.80,133.50,318.54
Toraja Utara,2023,5861.32,3.94,2.6,12.12,71.23,77.04,46.76,848.69,852.36,102.73,141.84,367.17
Toraja Utara,2024,6124.34,4.49,2.44,10.73,71.85,53.74,26.14,1024.38,661.66,120.81,227.30,414.00
Wajo,2015,11071.65,7.06,5.39,7.66,66.9,82.19,114.35,852.09,907.70,89.63,164.04,311.93
Wajo,2016,11620.74,4.96,4.23,7.47,67.52,111.89,117.78,1315.91,1209.54,128.71,250.16,321.84
Wajo,2017,12225.77,5.21,3.06,7.38,68.18,128.07,177.73,1276.23,1227.37,117.98,233.80,287.22
Wajo,2018,12357.35,1.08,3.79,7.5,68.57,138.61,134.00,1218.95,1169.49,92.79,218.25,314.96
Wajo,2019,12858.45,4.06,3,6.91,69.05,155.45,142.16,1277.78,1227.49,89.29,242.58,331.87
Wajo,2020,12708.31,-1.17,4.33,6.95,69.15,144.51,143.73,1309.58,1142.95,61.58,259.68,339.76
Wajo,2021,13569.28,6.77,4.32,6.46,69.62,145.53,150.06,1215.75,1188.63,234.02,284.56,347.59
Wajo,2022,13891.79,2.38,2.54,6.57,70.26,165.58,139.02,1210.30,1186.39,181.48,288.57,321.98
Wajo,2023,14090.79,1.43,2.1,6.73,71.1,155.52,168.28,1216.23,1233.85,248.41,254.35,362.57
Wajo,2024,14727.12,4.52,2.31,6.47,71.52,186.95,149.67,1300.63,843.01,153.35,368.26,377.35